{"total_m_actual":0.9999999344347335,"m_actual_2":0.3333333102800197,"_step":2999000,"iters":3000000,"mu_2":-1.000509702506979,"chi_max":0.11168487635340356,"mu_1":-1.000003838637257,"m_err_l2":3.788982228563532e-08,"m_actual_0":0.3333333126019033,"_timestamp":1.770911371860247e+09,"elapsed_sec":6522.877014875412,"Z_edge":0.09724252767922636,"_runtime":6525.111604579,"estimated_n_solutions":37774.62566050468,"sec_since_last_log":2.153557062149048,"chi_diff_max":1.9072100843064987e-10,"s":0.585521826520919,"mu_0":-0.9994867853670466,"Z_node":1.2517142395526491e-07,"n_solutions_est":37776.42057585233,"chi_diff_l2":3.6095041853969027e-10,"m_err_maxabs":2.3053313591425706e-08,"chi_diff_mean_abs":1.1292498109444832e-10,"total_time_sec":6525.03303027153,"m_err_l2_final":3.819498653768478e-08,"chi_min":0.11082695782901678,"converged":false,"m_actual_1":0.3333333115528105,"phi_RS":1.5855218697915525,"chi_entropy":2.1972191932919594,"_wandb":{"runtime":6525},"m_err_maxabs_final":2.3199083099001427e-08,"iter":2999000}