{"chi_diff_max":2.0878013541044532e-10,"Z_node":4.3528944444034053e-07,"mu_1":15.106263851326148,"m_actual_1":0.9999102305933132,"sec_since_last_log":4.414890289306641,"_wandb":{"runtime":44474},"_step":9999000,"chi_entropy":0.3739723558271958,"elapsed_sec":44469.554535627365,"mu_0":-1.4589498360951259,"chi11":0.12336601256047562,"iters":10000000,"m_actual_0":8.976940668680641e-05,"total_m_actual":1,"phi_RS":-15.105949517826987,"chi":[1.656599693752872e-05,1.661632144178664e-05,0.876600805121145,0.12336601256047562],"Z_edge":1.1400312565548356,"chi00":1.656599693752872e-05,"converged":false,"total_time_sec":44473.98405623436,"s":-0.0011727159052001951,"_timestamp":1.7726656361477027e+09,"chi10":0.876600805121145,"chi01":1.661632144178664e-05,"iter":9999000,"_runtime":44474.490859648,"s_final":-0.0011726853719218084}