{"m_actual_2":0.33333333334655413,"m_actual_1":0.33333333334655413,"Z_edge":0.11310628931453647,"m_actual_0":0.3333333333068918,"mu_2":0,"chi_entropy":2.188492895016307,"sec_since_last_log":0.33855414390563965,"chi_diff_max":2.7755575615628914e-17,"total_m_actual":1,"estimated_n_solutions":Infinity,"chi_max":0.13216753374819382,"mu_1":0,"Z_node":0.00011607625743964586,"chi":[0.13216753373559034,0.10058289978701816,0.10058289978701816,0.10058289979849641,0.13216753374819382,0.10058289979849641,0.10058289979849641,0.10058289979849641,0.13216753374819382],"elapsed_sec":2743.0825896263123,"m_err_maxabs":2.6441515643682578e-11,"total_time_sec":2743.151696205139,"_runtime":2743.215187105,"s":0.7461596092246818,"m_err_l2":3.2384156001149326e-11,"mu_0":0,"_wandb":{"runtime":2743},"chi_diff_l2":4.8074067159589095e-17,"chi_diff_mean_abs":1.2335811384723961e-17,"iters":7791200,"converged":true,"m_err_l2_final":3.238714742905145e-11,"m_err_maxabs_final":2.6443958134336754e-11,"iter":7791000,"chi_min":0.10058289978701816,"phi_RS":0.7461596092246818,"_step":7791000,"_timestamp":1.772014033337434e+09}