{"m_err_l2":0.47140452079088524,"iter":100000,"chi_entropy":1.3447666941669911e-05,"iters":100527,"chi_diff_l2":1.0751662195793358e-11,"_wandb":{"runtime":118},"elapsed_sec":118.17582869529724,"Z_node":1.470974489974859e-06,"_timestamp":1.770985942466057e+09,"m_actual_1":1.0358352996698394e-13,"m_err_maxabs":0.33333333333322984,"s":-13.20735146461895,"estimated_n_solutions":5.67756990886221e-104,"_runtime":118.83043466,"converged":true,"m_err_l2_final":0.47140452079088724,"m_actual_0":0.3333333368265554,"mu_0":-0.33333333682656235,"chi_diff_mean_abs":2.2526017930732353e-12,"chi_max":0.9999992153034148,"chi_min":9.806578871749778e-08,"phi_RS":-13.09624035117697,"mu_1":-9.910271468431342,"total_time_sec":118.75287461280823,"Z_edge":0.9565272374884618,"_step":100000,"mu_2":-9.90928616634498,"m_err_maxabs_final":0.33333333333323123,"sec_since_last_log":1.1023986339569092,"chi_diff_max":1.013678030403753e-11,"m_actual_2":1.0349079747296918e-13,"total_m_actual":0.33333333682676247,"n_solutions_est":5.024874359118654e-104}