{"m_actual_0":0.333333333349323,"phi_RS":0.74615960922468,"s":0.74615960922468,"_wandb":{"runtime":2879},"mu_0":0,"Z_node":0.00011607625743958803,"_timestamp":1.7720142967804642e+09,"m_actual_1":0.33333333332533854,"total_time_sec":2879.2575330734253,"converged":true,"m_actual_2":0.33333333332533854,"mu_1":0,"m_err_maxabs_final":1.59958157830431e-11,"chi_max":0.13216753374898485,"chi_diff_l2":3.3993498887762956e-17,"total_m_actual":1,"chi_entropy":2.1884928950163616,"_step":8203000,"sec_since_last_log":0.34711790084838867,"elapsed_sec":2878.961881160736,"chi_diff_mean_abs":9.25185853854297e-18,"m_err_l2":1.9583246787489616e-11,"estimated_n_solutions":Infinity,"mu_2":0,"_runtime":2879.324721457,"chi_diff_max":1.3877787807814457e-17,"m_err_l2_final":1.9590770681700296e-11,"chi":[0.13216753374898485,0.10058289979939058,0.10058289979939058,0.10058289979235978,0.13216753374139745,0.10058289979235978,0.10058289979235978,0.10058289979235978,0.13216753374139745],"chi_min":0.10058289979235978,"iter":8203000,"Z_edge":0.11310628931452396,"m_err_maxabs":1.598970955640766e-11,"iters":8203854}