{"m_err_l2_final":0,"chi_min":0.10058289979393677,"_timestamp":1.7719423996022296e+09,"_step":1678000,"m_err_maxabs":5.551115123125783e-17,"_runtime":1162.159699912,"chi_diff_l2":3.3993498887762956e-17,"m_actual_0":0.33333333333333337,"chi_entropy":2.1884928950151052,"m_err_maxabs_final":0,"total_time_sec":1162.0960874557495,"total_m_actual":1,"mu_1":0,"Z_edge":0.11310628931481453,"estimated_n_solutions":Infinity,"_wandb":{"runtime":1162},"chi_max":0.13216753374545984,"converged":true,"m_actual_1":0.33333333333333337,"mu_2":0,"s":0.7461596092246836,"m_actual_2":0.33333333333333337,"chi_diff_max":1.3877787807814457e-17,"chi_diff_mean_abs":9.25185853854297e-18,"iter":1678000,"mu_0":0,"sec_since_last_log":0.6880741119384766,"chi":[0.13216753374545984,0.10058289979393677,0.10058289979393677,0.10058289979393677,0.13216753374545984,0.10058289979393677,0.10058289979393677,0.10058289979393677,0.13216753374545984],"Z_node":0.00011607625744093012,"elapsed_sec":1161.7464499473572,"phi_RS":0.7461596092246836,"iters":1678513,"m_err_l2":9.614813431917819e-17}