{"m_actual_0":0.33333331145881856,"iters":0,"chi_diff_l2":4.163336342344337e-17,"m_err_l2_final":3.781625296453873e-08,"phi_RS":2.0984921084807837,"chi_diff_mean_abs":1.3877787807814457e-17,"chi_diff_max":1.3877787807814457e-17,"mu_2":-0.999999934469089,"n_solutions_est":4.5819467538315907e+48,"elapsed_sec":0.13724207878112793,"Z_node":3.4368150762508212e-43,"m_err_maxabs":2.1874514755104713e-08,"m_actual_2":0.33333331148981243,"_step":0,"_runtime":0.346167287,"_timestamp":1.771320111694842e+09,"m_err_maxabs_final":2.1874514755104713e-08,"mu_1":-0.9999999346571417,"chi_min":0.11111111111111112,"total_m_actual":0.9999999345004311,"iter":0,"mu_0":-0.9999999343750627,"converged":true,"chi_entropy":2.197224577336219,"s":1.0984922394799173,"_wandb":{"runtime":0},"m_actual_1":0.3333333115518001,"m_err_l2":3.781625296453873e-08,"total_time_sec":0.18007993698120117,"sec_since_last_log":0.13724231719970703,"chi_max":0.11111111111111112,"Z_edge":0.10866920821201756,"estimated_n_solutions":4.5819467538315907e+48}