{"chi_diff_max":2.7755575615628914e-17,"iter":7801000,"_timestamp":1.7720139379158628e+09,"elapsed_sec":2697.192307949066,"s":0.7461596092246818,"m_actual_0":0.333333333306774,"m_actual_2":0.3333333333466131,"chi_diff_l2":4.3885418357208765e-17,"m_actual_1":0.3333333333466131,"Z_edge":0.11310628931454193,"total_m_actual":1.0000000000000002,"phi_RS":0.7461596092246818,"chi_entropy":2.1884928950162834,"m_err_maxabs_final":2.6560198485015007e-11,"_wandb":{"runtime":2697},"converged":true,"chi_diff_mean_abs":1.2335811384723961e-17,"m_err_l2_final":3.2529512202393117e-11,"m_err_maxabs":2.6559310306595307e-11,"m_err_l2":3.252846973528336e-11,"iters":7801956,"estimated_n_solutions":Infinity,"mu_2":0,"chi_max":0.1321675337482438,"mu_0":0,"chi":[0.13216753373557663,0.10058289978698284,0.10058289978698284,0.10058289979849254,0.1321675337482438,0.10058289979849254,0.10058289979849254,0.10058289979849254,0.1321675337482438],"Z_node":0.00011607625743967119,"chi_min":0.10058289978698284,"total_time_sec":2697.5367646217346,"mu_1":0,"_step":7801000,"sec_since_last_log":0.35260009765625,"_runtime":2697.597697725}