{"estimated_n_solutions":1,"total_m_actual":1,"iter":8156000,"phi_RS":0,"mu_2":0,"m_actual_1":2.2659667726128907e-17,"chi11":2.1666331339179562e-16,"chi00":0.3333333333333332,"mu_0":0,"chi20":7.553222575376158e-18,"m_err_maxabs_final":0.6666666666666667,"Z_node":5.08052634252907e-05,"chi":[0.3333333333333332,0.3333333333333332,0.3333333333333332,7.553222575376158e-18,2.1666331339179562e-16,7.553222575376158e-18,7.553222575376158e-18,7.553222575376158e-18,2.1666331339179562e-16],"m_err_l2":0.816496580927726,"_step":8156000,"chi10":7.553222575376158e-18,"sec_since_last_log":0.3314323425292969,"m_actual_0":1,"elapsed_sec":2784.4883189201355,"total_time_sec":2784.539122581482,"chi01":0.3333333333333332,"chi_diff_max":1.0006942464984927e-21,"iters":8156151,"Z_edge":0.11111111111111102,"s":0,"chi_max":0.3333333333333332,"_runtime":2784.780159043,"m_err_l2_final":0.816496580927726,"chi_entropy":1.0986122886681262,"chi21":7.553222575376158e-18,"m_err_maxabs":0.6666666666666667,"converged":true,"chi_diff_l2":1.416914259070751e-21,"chi_min":7.553222575376158e-18,"m_actual_2":2.2659667726128907e-17,"mu_1":0,"chi12":7.553222575376158e-18,"_wandb":{"runtime":2784},"chi_diff_mean_abs":2.3788128559182647e-22,"_timestamp":1.7720162977835863e+09,"chi02":0.3333333333333332,"chi22":2.1666331339179562e-16}