{"converged":false,"_runtime":31206.009109852,"_timestamp":1.7726523691245415e+09,"iter":9999000,"elapsed_sec":31202.53688120842,"_step":9999000,"m_actual_0":0.010292278284184988,"chi":[0.03249532419181456,0.002848050377847902,0.4798743215239692,0.48478230390636834],"chi01":0.002848050377847902,"iters":10000000,"total_time_sec":31205.633034706116,"s_final":-0.00462890319605147,"mu_0":0.02491557813605094,"phi_RS":0.04095213123863679,"mu_1":-0.04631415062520765,"chi11":0.48478230390636834,"chi10":0.4798743215239692,"chi_entropy":0.8313910052168719,"chi_diff_max":2.6695531254578944e-16,"Z_node":0.006624119601392547,"total_m_actual":1,"m_actual_1":0.989707721715815,"s":-0.004628903196052975,"sec_since_last_log":3.1394152641296387,"_wandb":{"runtime":31206},"Z_edge":0.235713078622152,"chi00":0.03249532419181456}