{"_wandb":{"runtime":1476},"m_actual_2":0.3333333293089036,"s":0.692083085192351,"_step":1929000,"elapsed_sec":1476.0597813129425,"n_solutions_est":64429.659530897356,"chi_diff_max":1.0003455008789075e-10,"mu_0":-0.9713174550225717,"_runtime":1476.241013048,"sec_since_last_log":0.6701376438140869,"m_err_maxabs_final":2.911370750036113e-08,"iter":1929000,"converged":true,"total_time_sec":1476.124618768692,"chi_entropy":2.187164981748429,"total_m_actual":0.9999999997193192,"m_err_l2_final":3.7361540975810847e-08,"chi_min":0.09703200245474773,"chi_max":0.13601483280442633,"iters":1929096,"m_err_maxabs":5.4295244411584065e-09,"phi_RS":1.6926784991999195,"chi_diff_mean_abs":5.939609452424814e-11,"mu_1":-0.9993551817700919,"m_actual_1":0.3333333316475578,"estimated_n_solutions":64429.65987137944,"Z_node":0.00011119943577060878,"mu_2":-1.031113606911665,"_timestamp":1.7709003014400697e+09,"m_actual_0":0.33333333876285776,"m_err_l2":6.9654583080617704e-09,"Z_edge":0.09078120071316674,"chi_diff_l2":2.1083056055887328e-10}