{"iters":3000000,"chi_diff_mean_abs":1.1292498417840117e-10,"mu_2":-1.0005097717675042,"chi_min":0.11082695782672955,"elapsed_sec":7057.163865566254,"_runtime":7059.585347593,"_step":2999000,"total_time_sec":7059.507446527481,"chi_max":0.11168487635791564,"n_solutions_est":37776.37568685629,"converged":false,"chi_diff_max":1.9072099455286207e-10,"total_m_actual":0.9999999999912041,"m_err_l2":8.080593799717121e-11,"m_err_maxabs":6.109213135374603e-11,"m_err_maxabs_final":6.086414705563925e-11,"estimated_n_solutions":37774.58113130948,"sec_since_last_log":2.3779616355895996,"m_actual_2":0.3333333332722412,"m_actual_1":0.3333333333327429,"phi_RS":1.5855219354173204,"chi_diff_l2":3.6095041787632383e-10,"Z_edge":0.0972425268292597,"iter":2999000,"_timestamp":1.7709119112802587e+09,"s":0.5855217610313055,"mu_0":-0.9994868474552704,"_wandb":{"runtime":7059},"mu_1":-1.000003903961833,"Z_node":1.2517142396410262e-07,"m_err_l2_final":8.064941897804427e-11,"chi_entropy":2.197219193291867,"m_actual_0":0.33333333338622}