{"mu_2":0,"mu_1":0,"s":0.7461596092246783,"mu_0":0,"chi":[0.13216753374898485,0.10058289979939873,0.10058289979939873,0.10058289979235477,0.1321675337413993,0.10058289979235477,0.10058289979235477,0.10058289979235477,0.1321675337413993],"chi_diff_max":2.7755575615628914e-17,"_timestamp":1.7720143238161256e+09,"m_actual_0":0.33333333334932785,"m_err_l2_final":1.9592402369646906e-11,"chi_entropy":2.18849289501636,"iters":8227298,"_runtime":2902.796134835,"total_m_actual":0.9999999999999999,"chi_min":0.10058289979235477,"converged":true,"chi_diff_l2":4.3885418357208765e-17,"total_time_sec":2902.726728916168,"Z_node":0.0001160762574395891,"chi_diff_mean_abs":1.2335811384723961e-17,"iter":8227000,"chi_max":0.13216753374898485,"elapsed_sec":2902.6265454292297,"m_err_maxabs_final":1.599714805067265e-11,"sec_since_last_log":0.33563232421875,"m_actual_1":0.333333333325336,"phi_RS":0.7461596092246783,"m_err_l2":1.9589274967827888e-11,"m_actual_2":0.333333333325336,"_wandb":{"runtime":2902},"_step":8227000,"Z_edge":0.11310628931452421,"estimated_n_solutions":Infinity,"m_err_maxabs":1.599453902656478e-11}