{"m_err_l2":3.940100339218059e-11,"Z_edge":0.11310628931453484,"chi":[0.13216753373384307,0.10058289978514875,0.10058289978514875,0.10058289979943774,0.13216753374905427,0.10058289979943774,0.10058289979943774,0.10058289979943774,0.13216753374905427],"chi_min":0.10058289978514875,"elapsed_sec":2691.981866836548,"chi_diff_l2":7.343435057440258e-17,"total_time_sec":2692.0907402038574,"converged":true,"m_err_l2_final":3.9385593006057264e-11,"iter":7833000,"_runtime":2692.159635026,"total_m_actual":1,"m_err_maxabs":3.217076605110947e-11,"_timestamp":1.772014029768702e+09,"chi_max":0.13216753374905427,"_step":7833000,"m_err_maxabs_final":3.215816501977997e-11,"mu_2":0,"phi_RS":0.7461596092246818,"sec_since_last_log":0.3331575393676758,"m_actual_2":0.3333333333494187,"m_actual_0":0.33333333330116255,"mu_0":0,"chi_diff_max":5.551115123125783e-17,"iters":7833324,"_wandb":{"runtime":2692},"mu_1":0,"chi_entropy":2.1884928950163145,"Z_node":0.00011607625743963834,"chi_diff_mean_abs":1.850371707708594e-17,"m_actual_1":0.3333333333494187,"estimated_n_solutions":Infinity,"s":0.7461596092246818}