{"m_actual_0":0.3333333333333333,"m_err_l2_final":3.4641016151377546e-80,"chi02":0.11110636474787718,"chi12":0.11110636474787718,"iter":9999000,"chi21":0.11110636474787718,"mu_2":0,"total_m_actual":1,"chi01":0.11110636474787718,"chi10":0.11110636474787718,"sec_since_last_log":5.74450421333313,"phi_RS":0.7460423836562851,"s":0.7460423836562851,"Z_node":6.047515803515796e-10,"m_actual_1":0.3333333333333333,"m_err_maxabs_final":2e-80,"_timestamp":1.772600594492558e+09,"Z_edge":0.11111111151661446,"chi":[0.11112060383757899,0.11110636474787718,0.11110636474787718,0.11110636474787718,0.11112060383757899,0.11110636474787718,0.11110636474787718,0.11110636474787718,0.11112060383757899],"mu_1":0,"_wandb":{"runtime":57358},"chi11":0.11112060383757899,"chi_entropy":2.19722457551148,"chi_diff_max":9.490254292975622e-13,"chi00":0.11112060383757899,"converged":false,"elapsed_sec":57352.86343932152,"_step":9999000,"chi22":0.11112060383757899,"total_time_sec":57358.61867904663,"chi20":0.11110636474787718,"iters":10000000,"mu_0":0,"_runtime":57358.745068499,"m_actual_2":0.3333333333333333}