{"chi_min":7.553222575376158e-18,"_runtime":2838.419999355,"total_time_sec":2838.3467531204224,"_timestamp":1.772014293004109e+09,"chi_diff_max":1.0006942464984927e-21,"estimated_n_solutions":1,"m_actual_2":2.2659667726128907e-17,"m_err_l2":0.816496580927726,"s":0,"m_err_maxabs":0.6666666666666667,"converged":true,"iter":8156000,"Z_edge":0.11111111111111102,"elapsed_sec":2838.2953321933746,"_step":8156000,"_wandb":{"runtime":2838},"m_err_maxabs_final":0.6666666666666667,"Z_node":5.08052634252907e-05,"phi_RS":0,"chi_entropy":1.0986122886681262,"mu_0":0,"iters":8156151,"m_err_l2_final":0.816496580927726,"sec_since_last_log":0.33506250381469727,"m_actual_1":2.2659667726128907e-17,"total_m_actual":1,"chi_diff_mean_abs":2.3788128559182647e-22,"m_actual_0":1,"chi":[0.3333333333333332,0.3333333333333332,0.3333333333333332,7.553222575376158e-18,2.1666331339179562e-16,7.553222575376158e-18,7.553222575376158e-18,7.553222575376158e-18,2.1666331339179562e-16],"mu_1":0,"chi_diff_l2":1.416914259070751e-21,"mu_2":0,"chi_max":0.3333333333333332}