{"m_actual_1":0.33333333334522264,"chi_diff_max":1.3877787807814457e-17,"mu_0":0,"total_m_actual":0.9999999999999999,"m_err_l2_final":1.7144849205174673e-11,"phi_RS":0.74615960922468,"Z_node":0.00011607625743964499,"iters":3882976,"_runtime":16006.386648033,"m_err_maxabs":1.233507740394657e-11,"m_err_maxabs_final":1.2334799848190414e-11,"m_actual_0":0.33333333332099824,"chi_diff_mean_abs":6.1679056923619804e-18,"_timestamp":1.7719574126380486e+09,"estimated_n_solutions":Infinity,"chi_diff_l2":2.7755575615628914e-17,"mu_1":0,"Z_edge":0.11310628931453628,"chi_max":0.1321675337477525,"elapsed_sec":16001.981276035309,"chi_entropy":2.188492895016308,"converged":true,"chi":[0.1321675337402391,0.10058289979066108,0.10058289979066108,0.10058289979815747,0.1321675337477525,0.10058289979815609,0.10058289979519468,0.10058289979519468,0.1321675337439833],"m_actual_2":0.333333333333779,"chi_min":0.10058289979066108,"s":0.74615960922468,"sec_since_last_log":4.402907371520996,"m_err_l2":1.713793395507248e-11,"iter":3882000,"mu_2":0,"total_time_sec":16006.275860786438,"_wandb":{"runtime":16006},"_step":3882000}