{"total_time_sec":62.28633427619934,"sec_since_last_log":46.56307101249695,"m_actual_1":0,"_timestamp":1.771858274321264e+09,"m_err_l2_final":0.816496580927726,"_wandb":{"runtime":78},"s":-Infinity,"iters":0,"m_err_maxabs":0.6666666666666667,"chi_max":1,"mu_1":0,"n_solutions_est":0,"mu_0":0,"elapsed_sec":46.56307077407837,"m_actual_2":0,"chi_diff_max":0,"phi_RS":-Infinity,"_runtime":78.016577314,"iter":0,"converged":true,"mu_2":0,"estimated_n_solutions":0,"m_err_l2":0.816496580927726,"_step":0,"chi_min":0,"m_err_maxabs_final":0.6666666666666667,"total_m_actual":1,"chi_diff_l2":0,"chi_entropy":0,"Z_edge":1,"chi_diff_mean_abs":0,"Z_node":0,"chi":[1,0,0,0,0,0,0,0,0],"m_actual_0":1}