{"total_m_actual":0.4195310743534379,"total_time_sec":39464.91582417488,"chi_diff_mean_abs":1.0880870852280868e-09,"phi_RS":-1.364030427410503,"chi_entropy":1.2256182765447134,"estimated_n_solutions":3.5062361400748534e-22,"m_err_maxabs":0.2920853705839856,"_runtime":39465.004963749,"mu_1":-14.977725067525258,"_timestamp":1.7710284756659675e+09,"chi_max":0.4084226280383608,"Z_edge":0.1612939157351249,"iter":9999000,"sec_since_last_log":6.2638468742370605,"m_actual_1":0.04336295073842376,"m_err_l2_final":0.4115925077639035,"_wandb":{"runtime":39465},"chi_diff_max":2.075501381870737e-09,"m_actual_2":0.04124796274934773,"m_err_maxabs_final":0.29209308312563287,"m_err_l2":0.4115813461674858,"converged":false,"elapsed_sec":39458.655932188034,"mu_0":-0.3368222249225968,"m_actual_0":0.3349201608656664,"iters":10000000,"n_solutions_est":3.507708613747092e-22,"s":-2.744573828250432,"chi_min":0.004281411823963219,"Z_node":2.915707828058029e-07,"_step":9999000,"mu_2":-14.98877645342001,"chi_diff_l2":3.5108172247530333e-09}