{"estimated_n_solutions":1,"_wandb":{"runtime":3352},"converged":false,"iter":9999000,"chi_diff_l2":9.614813431917819e-17,"chi_diff_mean_abs":1.850371707708769e-17,"chi":[0.3333333333437679,0.333333333328116,0.333333333328116,5.764363762869164e-29,1.701302251051601e-24,5.764363762869164e-29,5.764363762869164e-29,5.764363762869164e-29,1.701302251051601e-24],"s":0,"m_actual_1":1.7293091287254144e-28,"total_m_actual":1,"Z_node":5.080526343960441e-05,"mu_1":0,"chi_entropy":1.0986122886681096,"m_err_l2_final":0.816496580927726,"mu_0":0,"phi_RS":0,"m_err_maxabs_final":0.6666666666666667,"m_actual_2":1.7293091287254144e-28,"elapsed_sec":3352.107700109482,"sec_since_last_log":0.3257331848144531,"_step":9999000,"mu_2":0,"Z_edge":0.1111111111180675,"iters":10000000,"chi_diff_max":5.551115123125783e-17,"total_time_sec":3352.4308371543884,"m_err_maxabs":0.6666666666666667,"m_err_l2":0.816496580927726,"chi_min":5.764363762869164e-29,"_runtime":3352.543119135,"chi_max":0.3333333333437679,"m_actual_0":1,"_timestamp":1.7719502025618124e+09}