{"Z_node":6.48667230816464e-07,"m_err_l2_final":3.448231095137079e-07,"m_actual_1":0.3333331151576221,"elapsed_sec":8154.460101366043,"chi_min":0.07969811433546634,"chi_diff_max":1.1049308315524975e-07,"total_time_sec":8157.1608345508575,"phi_RS":2.485481092459816,"sec_since_last_log":2.700305223464966,"chi_diff_l2":1.4333036716571967e-07,"_runtime":8157.231426521,"mu_2":-1.7980641634039158,"mu_1":-1.5588175831738837,"chi_diff_mean_abs":4.0861961828064786e-08,"mu_0":-0.5548359826952041,"m_err_maxabs":2.2248823178250277e-07,"converged":false,"m_actual_0":0.3333334796423145,"_step":2999000,"iters":3000000,"_timestamp":1.7709841713562837e+09,"chi_max":0.21917878022427828,"iter":2999000,"estimated_n_solutions":1.7247796670761032e+09,"s":1.181575841668912,"n_solutions_est":1.7153104845970764e+09,"_wandb":{"runtime":8157},"chi_entropy":2.12849493713923,"m_err_l2":3.4424986888895433e-07,"Z_edge":0.10740194955943928,"m_actual_2":0.33333311084510153,"total_m_actual":0.9999997056450382,"m_err_maxabs_final":2.2289402357156263e-07}