{"estimated_n_solutions":1,"chi":[0.3333333333415478,0.3333333333292259,0.3333333333292259,6.784850507559092e-19,2.1703735357839835e-16,6.784850507559092e-19,6.784850507559092e-19,6.784850507559092e-19,2.1703735357839835e-16],"m_actual_0":1,"m_err_l2":0.816496580927726,"m_err_l2_final":0.816496580927726,"mu_0":0,"m_err_maxabs_final":0.6666666666666667,"chi_min":6.784850507559092e-19,"total_time_sec":2240.270644426346,"chi_diff_mean_abs":2.241531544850377e-22,"mu_2":0,"chi_diff_l2":1.4176523746534727e-21,"iters":6507524,"Z_edge":0.11111111111658742,"Z_node":5.080526343655899e-05,"chi_max":0.3333333333415478,"sec_since_last_log":0.32378268241882324,"mu_1":0,"_step":6507000,"m_actual_2":2.0354551521427488e-18,"_wandb":{"runtime":2240},"m_err_maxabs":0.6666666666666667,"_runtime":2240.341128248,"elapsed_sec":2240.100474357605,"iter":6507000,"chi_diff_max":1.0024218112299382e-21,"phi_RS":0,"_timestamp":1.771949143394299e+09,"s":0,"chi_entropy":1.0986122886681255,"converged":true,"total_m_actual":1,"m_actual_1":2.0354551521427488e-18}