{"chi_entropy":1.3753397372891816,"_timestamp":1.7726881922721648e+09,"chi":[0.46145957623230555,0.07155763835144606,0.07155763837365671,8.840009865186428e-07,0.19770970857147138,1.9809488340742457e-06,8.840009879203585e-07,1.980948836865998e-06,0.19770970857147493],"m_actual_1":0.03156854806934536,"_wandb":{"runtime":72734},"chi21":1.980948836865998e-06,"iters":10000000,"chi00":0.46145957623230555,"chi11":0.19770970857147138,"chi20":8.840009879203585e-07,"chi10":8.840009865186428e-07,"iter":9999000,"m_actual_2":0.031568548069347904,"chi_diff_max":1.9922801408042477e-09,"phi_RS":-14.29152130107576,"_step":9999000,"total_time_sec":72734.77825975418,"m_actual_0":0.9368629038613068,"m_err_maxabs_final":0.6035310123285141,"Z_edge":0.8890892446145827,"elapsed_sec":72727.0953502655,"chi12":1.9809488340742457e-06,"mu_1":-3.312445215292468,"m_err_l2_final":0.7391715120751216,"converged":false,"total_m_actual":1,"chi02":0.07155763837365671,"_runtime":72734.905434157,"mu_2":-3.312445215292095,"s":-1.7223609425050748,"Z_node":1.9174529968706797e-07,"mu_0":13.639454052366288,"sec_since_last_log":7.705961465835571,"chi22":0.19770970857147493,"chi01":0.07155763835144606}