{"chi_diff_l2":1.4172986137966985e-21,"m_err_maxabs_final":0.6666666666666667,"_timestamp":1.7719491441017408e+09,"_runtime":2257.921150105,"Z_edge":0.11111111111700946,"m_actual_1":1.582277853455278e-18,"iter":6471000,"estimated_n_solutions":1,"phi_RS":0,"chi":[0.33333333334218085,0.33333333332890935,0.33333333332890935,5.274259511866165e-19,2.169840325483309e-16,5.274259511866165e-19,5.274259511866165e-19,5.274259511866165e-19,2.169840325483309e-16],"Z_node":5.080526343742737e-05,"chi_entropy":1.0986122886681255,"_step":6471000,"total_m_actual":1,"chi_diff_max":1.0021755395789061e-21,"converged":true,"chi_max":0.33333333334218085,"sec_since_last_log":0.3274843692779541,"s":0,"m_err_maxabs":0.6666666666666667,"m_actual_2":1.582277853455278e-18,"mu_2":0,"chi_min":5.274259511866165e-19,"mu_1":0,"m_err_l2_final":0.816496580927726,"total_time_sec":2257.850546836853,"mu_0":0,"_wandb":{"runtime":2257},"m_err_l2":0.816496580927726,"chi_diff_mean_abs":2.237883427102004e-22,"m_actual_0":1,"elapsed_sec":2257.6946456432343,"iters":6471471}