{"chi01":0.10058289979457684,"s":0.7461596092246813,"chi21":0.10058289979475322,"chi_diff_max":1.0548042342491248e-18,"chi11":0.13216753374399506,"sec_since_last_log":1.3635694980621338,"chi22":0.13216753374399506,"mu_1":0,"elapsed_sec":14486.895681858063,"total_time_sec":14488.27144908905,"mu_2":0,"Z_edge":0.11310628931452735,"m_err_l2_final":4.1405217430526237e-13,"m_actual_1":0.33333333333350385,"total_m_actual":1,"chi02":0.10058289979457684,"chi_entropy":2.1884928950163465,"m_actual_0":0.33333333333299225,"converged":false,"Z_node":0.00011607625743960374,"mu_0":0,"chi":[0.13216753374384327,0.10058289979457684,0.10058289979457684,0.10058289979475322,0.13216753374399506,0.10058289979475322,0.10058289979475322,0.10058289979475322,0.13216753374399506],"chi20":0.10058289979475322,"_wandb":{"runtime":14488},"_runtime":14488.338709255,"m_actual_2":0.33333333333350385,"m_err_maxabs_final":3.380721846459376e-13,"_timestamp":1.7724902358596087e+09,"chi10":0.10058289979475322,"phi_RS":0.7461596092246813,"chi12":0.10058289979475322,"iters":10000000,"_step":9999000,"chi00":0.13216753374384327,"iter":9999000}