{"chi":[1,0,0,0,0,0,0,0,0],"mu_2":0,"estimated_n_solutions":0,"m_err_maxabs_final":0.6666666666666667,"phi_RS":-Infinity,"elapsed_sec":46.23372292518616,"total_m_actual":1,"total_time_sec":61.8668692111969,"sec_since_last_log":46.233723402023315,"Z_node":0,"m_err_l2_final":0.816496580927726,"iter":0,"m_actual_0":1,"chi_diff_max":0,"s":-Infinity,"m_actual_1":0,"m_actual_2":0,"Z_edge":1,"m_err_l2":0.816496580927726,"chi_min":0,"chi_diff_l2":0,"_step":0,"mu_1":0,"iters":0,"m_err_maxabs":0.6666666666666667,"_wandb":{"runtime":77},"n_solutions_est":0,"converged":true,"chi_diff_mean_abs":0,"_timestamp":1.7718586228564322e+09,"_runtime":77.64986971,"chi_max":1,"mu_0":0,"chi_entropy":0}