{
  "chi_final": [
    [
      0.15333463370394435,
      0.09452573995170768,
      0.09528621394661861
    ],
    [
      0.09369964813948785,
      0.14970621978163703,
      0.09178240039039441
    ],
    [
      0.0877439508339404,
      0.08825750193848018,
      0.14566369131378953
    ]
  ],
  "mu_final": [
    -0.9556323949911452,
    -0.9964819716943601,
    -1.0525849656960855
  ],
  "m_actual": [
    0.33333333312173685,
    0.33333333364853013,
    0.3333333332334521
  ],
  "M_target": [
    0.3333333333333333,
    0.3333333333333333,
    0.3333333333333333
  ],
  "Z_node": 0.0007996780636120288,
  "Z_edge": 0.08850363557911665,
  "phi_RS": 1.3551894356028162,
  "s": 0.3536229914688733,
  "iters": 357660,
  "total_time_sec": 237.09897565841675,
  "converged": true,
  "n_solutions_est": 201.20914148973702
}