{
  "chi_final": [
    [
      0.13216753374897097,
      0.10058289979953039,
      0.10058289979953039
    ],
    [
      0.10058289979236044,
      0.13216753374125592,
      0.10058289979236044
    ],
    [
      0.100582899792365,
      0.100582899792365,
      0.13216753374126147
    ]
  ],
  "mu_final": [
    0.0,
    0.0,
    0.0
  ],
  "m_actual": [
    0.33333333334959864,
    0.33333333332519216,
    0.33333333332520915
  ],
  "M_target": [
    0.3333333333333333,
    0.3333333333333333,
    0.3333333333333333
  ],
  "Z_node": 0.00011607625743950316,
  "Z_edge": 0.11310628931450556,
  "phi_RS": 0.7461596092246818,
  "s": 0.7461596092246818,
  "iters": 8503898,
  "total_time_sec": 2936.5214943885803,
  "converged": true
}