{
  "chi_final": [
    [
      0.13602762687096703,
      0.10225647210698868,
      0.10261581332554073
    ],
    [
      0.10076538150928127,
      0.13355208475016228,
      0.09949165231409347
    ],
    [
      0.09701086417193341,
      0.0973144598117007,
      0.13096564513933237
    ]
  ],
  "mu_final": [
    -0.9711777629417745,
    -0.999037864001068,
    -1.03160920211302
  ],
  "m_actual": [
    0.33333332936330995,
    0.33333335920810336,
    0.3333333108320317
  ],
  "M_target": [
    0.3333333333333333,
    0.3333333333333333,
    0.3333333333333333
  ],
  "Z_node": 0.00011119934680860406,
  "Z_edge": 0.09078129784419066,
  "phi_RS": 1.6926728844210377,
  "s": 0.6920646092873568,
  "iters": 1500000,
  "total_time_sec": 1180.4012706279755,
  "converged": false,
  "n_solutions_est": 64410.61634589563
}