{
  "chi_final": [
    [
      0.13601484026822935,
      0.10223770215513031,
      0.10260328384016824
    ],
    [
      0.100760708654596,
      0.13351647662097296,
      0.09948864859029713
    ],
    [
      0.09703200207376449,
      0.09733176375470531,
      0.13101457404213623
    ]
  ],
  "mu_final": [
    -0.9713174550225869,
    -0.9993551817701412,
    -1.0311136069115943
  ],
  "m_actual": [
    0.3333333624470408,
    0.33333332432779406,
    0.33333331171905445
  ],
  "M_target": [
    0.3333333333333333,
    0.3333333333333333,
    0.3333333333333333
  ],
  "Z_node": 0.00011119943580017556,
  "Z_edge": 0.09078120077456484,
  "phi_RS": 1.692678496422321,
  "s": 0.6920830848620707,
  "iters": 1929096,
  "total_time_sec": 1562.2166812419891,
  "converged": true,
  "n_solutions_est": 64429.65953090193
}