{
  "chi_final": [
    [
      0.06744371581969444,
      0.137194666036134,
      0.07354918870889578
    ],
    [
      0.13930773496058954,
      0.14675612877198155,
      0.18489600159550534
    ],
    [
      0.023963635830900647,
      0.1925057219381083,
      0.03438320633819037
    ]
  ],
  "mu_final": [
    0.0,
    0.0,
    0.0
  ],
  "m_actual": [
    0.18133064638862817,
    0.543798371861649,
    0.27487098174972274
  ],
  "M_target": [
    0.3333333333333333,
    0.3333333333333333,
    0.3333333333333333
  ],
  "Z_node": 7.394782428990255e-195,
  "Z_edge": 0.14020486585111852,
  "phi_RS": 142.3918610860834,
  "s": 142.3918610860834,
  "iters": 4,
  "total_time_sec": 298.428019285202,
  "converged": true,
  "n_solutions_est": Infinity
}