{
  "chi_final": [
    [
      0.3333333333333333,
      5.879773386310978e-50,
      5.879773386310978e-50
    ],
    [
      5.879773386310978e-50,
      0.3333333333333333,
      5.879773386310978e-50
    ],
    [
      5.879773386310978e-50,
      5.879773386310978e-50,
      0.3333333333333333
    ]
  ],
  "mu_final": [
    -0.0,
    -0.0,
    -0.0
  ],
  "m_actual": [
    0.3333333333333333,
    0.3333333333333333,
    0.3333333333333333
  ],
  "M_target": [
    0.3333333333333333,
    0.3333333333333333,
    0.3333333333333333
  ],
  "Z_node": 5.820975652447866e-48,
  "Z_edge": 0.3333333333333333,
  "phi_RS": -53.83200214473738,
  "s": -53.83200214473738,
  "iters": 0,
  "total_time_sec": 0.1744234561920166,
  "converged": true
}