{
  "chi_final": [
    [
      2.3575207738197752e-293,
      6.797568672629698e-290,
      6.112146945601509e-290
    ],
    [
      1.6972745280083187e-285,
      3.8075960117234936e-282,
      9.321453841584674e-220
    ],
    [
      7.571549520030694e-74,
      4.8086099523420515e-76,
      1.0
    ]
  ],
  "mu_final": [
    -41.77634074483892,
    -1.3030617564677183,
    -0.33333363588918546
  ],
  "m_actual": [
    0.0,
    5.1739801322045284e-295,
    0.33333363588918546
  ],
  "M_target": [
    0.3333333333333333,
    0.3333333333333333,
    0.3333333333333333
  ],
  "Z_node": 7.457163073267739e-219,
  "Z_edge": 0.9200443450381204,
  "phi_RS": -501.9236266730026,
  "s": -502.03473798581774,
  "iters": 750523,
  "total_time_sec": 634.9606602191925,
  "converged": true,
  "n_solutions_est": 0.0
}