{
  "D": 10,
  "H": 3,
  "chi_final": [
    [
      0.1271105626758819,
      0.10311138532872574,
      0.10311138532872574
    ],
    [
      0.10311138532872574,
      0.1271105626758819,
      0.10311138532872574
    ],
    [
      0.10311138532872574,
      0.10311138532872574,
      0.1271105626758819
    ]
  ],
  "mu_final": [
    -0.0,
    -0.0,
    -0.0
  ],
  "m_actual": [
    0.33333333333333337,
    0.33333333333333337,
    0.33333333333333337
  ],
  "M_target": [
    0.3333333333333333,
    0.3333333333333333,
    0.3333333333333333
  ],
  "Z_node": 4.068062723640508e-05,
  "Z_edge": 0.11226303213779164,
  "phi_RS": 0.8247947312662962,
  "s": 0.8247947312662962,
  "iters": 4413735,
  "total_time_sec": 2672.212869167328,
  "converged": true
}