{
  "chi_final": [
    [
      0.1111111111111111,
      0.1111111111111111,
      0.1111111111111111
    ],
    [
      0.1111111111111111,
      0.1111111111111111,
      0.1111111111111111
    ],
    [
      0.1111111111111111,
      0.1111111111111111,
      0.1111111111111111
    ]
  ],
  "mu_final": [
    0.0,
    0.0,
    0.0
  ],
  "m_actual": [
    0.3333333333333333,
    0.3333333333333333,
    0.3333333333333333
  ],
  "M_target": [
    0.3333333333333333,
    0.3333333333333333,
    0.3333333333333333
  ],
  "Z_node": 8.25032906834908e-287,
  "Z_edge": 0.1111111111111111,
  "phi_RS": 0.4357045981985266,
  "s": 0.4357045981985266,
  "iters": 0,
  "total_time_sec": 66.02278256416321,
  "converged": true,
  "n_solutions_est": 4.004524388550076e+189
}