{
  "chi_final": [
    [
      0.11111111111111112,
      0.11111111111111112,
      0.11111111111111112
    ],
    [
      0.11111111111111112,
      0.11111111111111112,
      0.11111111111111112
    ],
    [
      0.11111111111111112,
      0.11111111111111112,
      0.11111111111111112
    ]
  ],
  "mu_final": [
    -0.9999999343750627,
    -0.9999999346571417,
    -0.999999934469089
  ],
  "m_actual": [
    0.33333331145881856,
    0.3333333115518001,
    0.33333331148981243
  ],
  "M_target": [
    0.3333333333333333,
    0.3333333333333333,
    0.3333333333333333
  ],
  "Z_node": 1.8546165824523355e-43,
  "Z_edge": 0.10866920821201756,
  "phi_RS": 1.4816248964857834,
  "s": 0.481625027484917,
  "iters": 0,
  "total_time_sec": 0.12516331672668457,
  "converged": true,
  "n_solutions_est": 2.162934469913317e+21
}