{"phi_RS":0.7461596092246818,"chi_min":0.100582899795463,"s":0.7461596092246818,"mu_1":0,"iters":1557661,"m_actual_0":0.3333333333333333,"m_actual_1":0.3333333333333333,"chi":[0.1321675337424073,0.100582899795463,0.100582899795463,0.100582899795463,0.1321675337424073,0.100582899795463,0.100582899795463,0.100582899795463,0.1321675337424073],"chi_max":0.1321675337424073,"_step":1557000,"elapsed_sec":1151.585119009018,"chi_diff_mean_abs":9.25185853854297e-18,"sec_since_last_log":0.688575029373169,"converged":true,"total_time_sec":1152.0376353263855,"total_m_actual":1,"_runtime":1152.101001459,"m_actual_2":0.3333333333333333,"iter":1557000,"m_err_maxabs_final":5.551115123125783e-17,"chi_diff_l2":3.3993498887762956e-17,"chi_diff_max":1.3877787807814457e-17,"estimated_n_solutions":Infinity,"Z_node":0.00011607625743825838,"m_err_l2_final":9.614813431917819e-17,"mu_0":0,"mu_2":0,"Z_edge":0.11310628931423602,"m_err_maxabs":0,"_timestamp":1.77194254221584e+09,"_wandb":{"runtime":1152},"m_err_l2":0,"chi_entropy":2.1884928950176055}