{"chi_max":0.13216753374655069,"chi_diff_mean_abs":1.2335811384723961e-17,"iters":7789600,"m_actual_1":0.3333333333416027,"chi_entropy":2.188492895016364,"_wandb":{"runtime":2666},"mu_2":0,"phi_RS":0.74615960922468,"converged":true,"iter":7789000,"total_time_sec":2666.3617782592773,"Z_edge":0.11310628931452331,"m_actual_2":0.3333333333416027,"m_err_maxabs_final":1.6546375380954714e-11,"m_err_maxabs":1.6538770353236032e-11,"chi_min":0.10058289978991755,"_runtime":2666.431135216,"total_m_actual":1,"m_err_l2_final":2.026511105030227e-11,"elapsed_sec":2666.1607904434204,"chi_diff_l2":4.8074067159589095e-17,"estimated_n_solutions":Infinity,"mu_1":0,"chi_diff_max":2.7755575615628914e-17,"Z_node":0.00011607625743958502,"chi":[0.1321675337386681,0.10058289978991755,0.10058289978991755,0.10058289979709885,0.13216753374655069,0.10058289979709885,0.10058289979709885,0.10058289979709885,0.13216753374655069],"m_err_l2":2.025577416924909e-11,"s":0.74615960922468,"m_actual_0":0.33333333331679454,"_timestamp":1.772013924253763e+09,"_step":7789000,"mu_0":0,"sec_since_last_log":0.3378448486328125}