{"Z_edge":0.09078120034918843,"converged":true,"_timestamp":1.7709044424736736e+09,"_step":1928000,"total_time_sec":4376.530287742615,"m_err_maxabs":2.4859370117980006e-10,"elapsed_sec":4374.35515832901,"chi_max":0.1360147515853771,"iter":1928000,"chi_entropy":2.1871649878627486,"_runtime":4376.606165837,"chi_diff_max":1.0039513664850119e-10,"chi_min":0.0970320013542659,"m_err_l2_final":3.164855432381761e-10,"total_m_actual":0.9999999999873312,"sec_since_last_log":2.188168525695801,"Z_node":0.00011119943533529097,"iters":1928994,"_wandb":{"runtime":4376},"m_actual_2":0.33333333315523994,"mu_0":-0.9713182996230906,"m_actual_1":0.3333333332501643,"chi_diff_l2":2.1266466314157584e-10,"s":0.6920831272428387,"m_actual_0":0.333333333581927,"mu_1":-0.9993548438995514,"m_err_l2":3.1691191993622915e-10,"phi_RS":1.6926785133274773,"mu_2":-1.0311130148071324,"chi_diff_mean_abs":6.003452056467672e-11,"m_err_maxabs_final":2.467077653278693e-10,"n_solutions_est":64429.65876344924,"estimated_n_solutions":64429.703220172}