{"m_actual_2":0.3333333331552109,"m_actual_1":0.3333333332501618,"estimated_n_solutions":64429.70322340178,"converged":true,"total_time_sec":4152.543466091156,"Z_edge":0.0907812003491902,"chi_entropy":2.1871649878633335,"mu_0":-0.9713182996754584,"_runtime":4152.673709299,"chi_diff_mean_abs":6.003455140420518e-11,"m_actual_0":0.3333333335818948,"phi_RS":1.692678513328671,"chi_diff_l2":2.1266476337430766e-10,"elapsed_sec":4150.40506196022,"sec_since_last_log":2.1591548919677734,"_step":1928000,"iter":1928000,"chi_min":0.09703200135747529,"Z_node":0.00011119943533543327,"_timestamp":1.77090421475253e+09,"mu_1":-0.9993548438806267,"n_solutions_est":64429.6587666559,"total_m_actual":0.9999999999872675,"m_err_maxabs":2.4856150471208593e-10,"m_err_l2":3.1690363779850755e-10,"iters":1928994,"mu_2":-1.0311130147680623,"chi_diff_max":1.0039517828186462e-10,"_wandb":{"runtime":4152},"chi_max":0.13601475158050225,"m_err_l2_final":3.1647586439010786e-10,"s":0.6920831272459718,"m_err_maxabs_final":2.466768456166335e-10}