{"chi21":5.879773386310978e-50,"chi_max":0.3333333333333333,"iter":0,"_step":0,"iters":0,"chi_diff_l2":1.4402444599658254e-49,"Z_edge":0.3333333333333333,"chi01":5.879773386310978e-50,"m_actual_0":0.3333333333333333,"chi_min":5.879773386310978e-50,"chi_entropy":1.0986122886681096,"sec_since_last_log":0.13164424896240234,"phi_RS":-53.83200214473738,"total_m_actual":1,"m_actual_2":0.3333333333333333,"estimated_n_solutions":0,"chi":[0.3333333333333333,5.879773386310978e-50,5.879773386310978e-50,5.879773386310978e-50,0.3333333333333333,5.879773386310978e-50,5.879773386310978e-50,5.879773386310978e-50,0.3333333333333333],"chi_diff_max":5.879773386310978e-50,"total_time_sec":0.17811346054077148,"mu_2":0,"Z_node":5.820975652447866e-48,"_wandb":{"runtime":0},"chi20":5.879773386310978e-50,"chi_diff_mean_abs":3.9198489242073186e-50,"m_err_l2_final":0,"mu_0":0,"chi11":0.3333333333333333,"chi22":0.3333333333333333,"s":-53.83200214473738,"m_err_maxabs":0,"chi02":5.879773386310978e-50,"chi10":5.879773386310978e-50,"_runtime":0.283103691,"mu_1":0,"m_actual_1":0.3333333333333333,"_timestamp":1.7725313374882152e+09,"chi00":0.3333333333333333,"elapsed_sec":0.13164377212524414,"m_err_maxabs_final":0,"m_err_l2":0,"converged":true,"chi12":5.879773386310978e-50}