{"phi_RS":1.9428971747907653,"Z_node":0.00020854806316350218,"converged":true,"_timestamp":1.7708320161004424e+09,"m_err_maxabs_final":0.3333333333333333,"_step":750000,"s":-2.7326200919318513,"m_err_l2":7.34994953914704e-05,"chi_min":0.0260957426536748,"elapsed_sec":651.7848031520844,"chi_diff_mean_abs":8.483455791932076e-06,"iter":750000,"_runtime":652.333101241,"m_actual_0":0.33340635299464766,"n_solutions_est":0,"total_m_actual":1.0000648213683425,"chi_diff_l2":4.073344973644655e-05,"mu_0":-12.244096765638313,"mu_1":-1.3165823287968732,"chi_diff_max":3.665746266297287e-05,"m_actual_2":0.3333335178115108,"iters":750523,"estimated_n_solutions":1.5796926375443364e-18,"mu_2":-0.46322337979715467,"m_err_l2_final":0.47140452079112877,"_wandb":{"runtime":652},"total_time_sec":652.2714614868164,"chi_entropy":2.008183366636445,"sec_since_last_log":0.8236119747161865,"Z_edge":0.07393569501657259,"m_actual_1":0.33332495056218403,"chi_max":0.23631574690173882,"m_err_maxabs":7.301966131434412e-05}