{"_runtime":6604.011448133,"chi_entropy":2.1972243651427905,"chi_diff_max":3.482414356881236e-11,"m_actual_2":0.3333333333266116,"m_actual_0":0.3333333333209174,"Z_edge":0.09724152116678811,"total_m_actual":0.999999999972855,"m_actual_1":0.33333333332532605,"mu_2":-1.000019503871669,"s":0.5790206946057315,"chi_diff_mean_abs":2.2700346232381225e-11,"total_time_sec":6603.936837673187,"Z_node":1.243506484592108e-07,"converged":false,"phi_RS":1.579020694805907,"n_solutions_est":33603.39225085817,"iters":3000000,"_step":2999000,"iter":2999000,"m_err_l2":1.623122183725522e-11,"chi_diff_l2":7.224276344451195e-11,"m_err_maxabs_final":1.4180601137780968e-11,"estimated_n_solutions":33603.063013188184,"chi_max":0.11121575723821611,"chi_min":0.11105881080010407,"m_err_maxabs":1.2415901640139282e-11,"mu_1":-1.0000000669617606,"sec_since_last_log":2.2141077518463135,"_timestamp":1.7709084825279462e+09,"_wandb":{"runtime":6604},"elapsed_sec":6601.727632522583,"m_err_l2_final":1.545535095324769e-11,"mu_0":-0.9999804298485314}