{"mu_1":-0.9979428124922314,"mu_2":-1.0588370886232519,"_step":661000,"chi_min":0.09145341162092163,"elapsed_sec":499.2946717739105,"m_actual_1":0.33333330729754207,"estimated_n_solutions":3852.992731605663,"_runtime":499.621666251,"Z_edge":0.08954422893511302,"_wandb":{"runtime":499},"n_solutions_est":3852.9947180770782,"_timestamp":1.7708277815964515e+09,"mu_0":-0.9492112903258267,"chi_diff_l2":2.150821677027768e-10,"iter":661000,"total_time_sec":499.55744552612305,"converged":true,"total_m_actual":1.0000000014248531,"chi_diff_mean_abs":6.523178293823169e-11,"chi_entropy":2.1799181859917622,"m_err_maxabs_final":9.609227247242558e-09,"Z_node":0.00030364449650552517,"phi_RS":1.5524374306323452,"s":0.5504403638799791,"chi_max":0.14483163498757587,"m_err_l2_final":1.3389938856190316e-08,"m_actual_0":0.33333333475199545,"chi_diff_max":1.0136473604926977e-10,"sec_since_last_log":0.5979750156402588,"m_actual_2":0.3333333593753156,"iters":661437,"m_err_maxabs":2.604198229283483e-08,"m_err_l2":3.685186385716827e-08}