{"elapsed_sec":2590.064786672592,"Z_node":0.00011607625743946862,"mu_0":0,"converged":true,"iter":7773000,"sec_since_last_log":0.3417510986328125,"m_err_l2":1.6565303955997992e-11,"m_actual_1":0.33333333334009607,"estimated_n_solutions":Infinity,"Z_edge":0.11310628931449808,"chi_max":0.1321675337459623,"m_err_maxabs_final":1.3536227694288527e-11,"iters":7773854,"chi_min":0.10058289979098009,"_runtime":2590.411497915,"_step":7773000,"m_err_maxabs":1.3525514042100895e-11,"_wandb":{"runtime":2590},"s":0.7461596092246818,"chi_entropy":2.188492895016473,"chi_diff_max":1.3877787807814457e-17,"total_time_sec":2590.346007823944,"m_actual_0":0.3333333333198078,"chi_diff_mean_abs":6.1679056923619804e-18,"_timestamp":1.7720138631261082e+09,"m_err_l2_final":1.6578493433845253e-11,"chi_diff_l2":2.7755575615628914e-17,"mu_2":0,"chi":[0.1321675337394453,0.10058289979098009,0.10058289979098009,0.1005828997966675,0.1321675337459623,0.1005828997966675,0.1005828997966675,0.1005828997966675,0.1321675337459623],"mu_1":0,"m_actual_2":0.33333333334009607,"phi_RS":0.7461596092246818,"total_m_actual":1}