{"mu_2":0,"mu_0":0,"chi_diff_max":2.7755575615628914e-17,"iter":7843000,"phi_RS":0.74615960922468,"total_time_sec":2673.053257703781,"chi_diff_l2":3.3993498887762956e-17,"chi_min":0.10058289978512192,"chi_diff_mean_abs":6.1679056923619804e-18,"m_actual_0":0.3333333333010988,"_step":7843000,"sec_since_last_log":0.3349342346191406,"Z_edge":0.11310628931453477,"total_m_actual":1,"m_err_l2":3.9479052465626866e-11,"chi_max":0.13216753374906257,"Z_node":0.000116076257439638,"mu_1":0,"elapsed_sec":2672.973622083664,"estimated_n_solutions":Infinity,"converged":true,"m_actual_1":0.3333333333494506,"s":0.74615960922468,"m_err_l2_final":3.946776662403517e-11,"iters":7843236,"m_err_maxabs_final":3.2225333512769794e-11,"chi_entropy":2.1884928950163145,"_timestamp":1.7720140157348852e+09,"chi":[0.13216753373382586,0.10058289978512192,0.10058289978512192,0.10058289979945129,0.13216753374906257,0.10058289979945129,0.10058289979945129,0.10058289979945129,0.13216753374906257],"_wandb":{"runtime":2673},"m_actual_2":0.3333333333494506,"_runtime":2673.122035982,"m_err_maxabs":3.223449285272295e-11}