{"mu_0":-0.9999999343750627,"m_err_maxabs_final":2.1874514755104713e-08,"s":1.0984922394799173,"m_actual_2":0.33333331148981243,"m_actual_1":0.3333333115518001,"chi_min":0.11111111111111112,"chi_diff_l2":4.163336342344337e-17,"sec_since_last_log":0.15775132179260254,"mu_1":-0.9999999346571417,"phi_RS":2.0984921084807837,"total_time_sec":0.20696592330932617,"chi_max":0.11111111111111112,"m_err_l2":3.781625296453873e-08,"chi_diff_max":1.3877787807814457e-17,"_step":0,"chi_entropy":2.197224577336219,"total_m_actual":0.9999999345004311,"m_err_l2_final":3.781625296453873e-08,"Z_edge":0.10866920821201756,"chi_diff_mean_abs":1.3877787807814457e-17,"m_actual_0":0.33333331145881856,"iter":0,"iters":0,"_wandb":{"runtime":0},"converged":true,"Z_node":3.4368150762508212e-43,"n_solutions_est":4.5819467538315907e+48,"mu_2":-0.999999934469089,"elapsed_sec":0.15775084495544434,"m_err_maxabs":2.1874514755104713e-08,"_runtime":0.362640186,"estimated_n_solutions":4.5819467538315907e+48,"_timestamp":1.7713205975342875e+09}