{"chi_diff_l2":3.3993498887762956e-17,"total_time_sec":2701.1211445331573,"m_err_maxabs":2.6798063768040947e-11,"m_actual_0":0.33333333330653525,"mu_1":0,"iters":7812275,"m_err_l2_final":3.282416785070474e-11,"estimated_n_solutions":Infinity,"mu_0":0,"_step":7812000,"s":0.7461596092246818,"elapsed_sec":2701.023033618927,"chi_entropy":2.1884928950162936,"chi_min":0.10058289978687195,"iter":7812000,"m_err_maxabs_final":2.680083932560251e-11,"_runtime":2701.188168912,"_timestamp":1.7720140262599373e+09,"sec_since_last_log":0.34766578674316406,"m_err_l2":3.282081382548115e-11,"chi":[0.13216753373550685,0.10058289978687195,0.10058289978687195,0.10058289979855708,0.13216753374826043,0.10058289979855708,0.10058289979855708,0.10058289979855708,0.13216753374826043],"m_actual_1":0.3333333333467324,"converged":true,"chi_diff_mean_abs":9.25185853854297e-18,"chi_max":0.13216753374826043,"chi_diff_max":1.3877787807814457e-17,"mu_2":0,"_wandb":{"runtime":2701},"Z_edge":0.1131062893145396,"Z_node":0.00011607625743966036,"phi_RS":0.7461596092246818,"total_m_actual":1,"m_actual_2":0.3333333333467324}