{"total_m_actual":0,"Z_edge":0.1111111111111111,"m_err_l2":0.5773502691896257,"mu_1":0,"chi_diff_l2":0,"m_err_maxabs_final":0.3333333333333333,"phi_RS":1.0986122886680505,"m_actual_0":0,"s":1.0986122886680505,"chi_max":0.1111111111111111,"estimated_n_solutions":Infinity,"_timestamp":1.771326161095487e+09,"chi_diff_mean_abs":0,"iters":0,"_runtime":121.704800028,"total_time_sec":96.98245549201965,"chi_diff_max":0,"m_err_maxabs":0.3333333333333333,"chi_entropy":2.1972245773362196,"_step":0,"iter":0,"elapsed_sec":72.52843618392944,"m_actual_2":0,"Z_node":1.6009155496130212e-286,"sec_since_last_log":72.5284366607666,"mu_0":0,"m_actual_1":0,"m_err_l2_final":0.5773502691896257,"chi_min":0.1111111111111111,"_wandb":{"runtime":121},"mu_2":0,"n_solutions_est":Infinity,"converged":true}