{"chi":[0.33333333333343623,0.33333333333343623,0.33333333333312704,1.6250476688358032e-16,1.1451316047585446e-18,8.428161673213433e-18,8.097633760916602e-17,1.4605917412730112e-17,2.1726994009585502e-16],"m_actual_1":4.875143006505897e-16,"chi_diff_l2":1.3100793250604186e-21,"Z_node":5.0805263425432345e-05,"chi_diff_mean_abs":2.488586804327754e-22,"m_err_maxabs":0.6666666666666659,"m_actual_0":0.9999999999999992,"chi_entropy":1.098612288668127,"m_actual_2":2.429290128271978e-16,"mu_0":0,"total_time_sec":2531.904417514801,"phi_RS":0,"iter":7078000,"elapsed_sec":2531.641958475113,"chi_max":0.33333333333343623,"chi_diff_max":1.0034960491989849e-21,"Z_edge":0.11111111111117988,"iters":7078756,"m_err_maxabs_final":0.6666666666666659,"m_err_l2":0.816496580927725,"_step":7078000,"m_err_l2_final":0.816496580927725,"mu_1":0,"s":0,"mu_2":0,"chi_min":1.1451316047585446e-18,"_wandb":{"runtime":2531},"sec_since_last_log":0.3570427894592285,"_runtime":2531.993089679,"converged":true,"_timestamp":1.7719436606503124e+09,"total_m_actual":0.9999999999999999,"estimated_n_solutions":1}