{"_timestamp":1.7727045721812437e+09,"mu_1":15.57739736549917,"chi_diff_max":1.325739761850726e-10,"chi11":0.11638115593031056,"_wandb":{"runtime":40275},"chi10":0.883235023841016,"iters":10000000,"_runtime":40275.869943896,"chi":[0.0001947250498517164,0.0001890951788216396,0.883235023841016,0.11638115593031056],"chi_entropy":0.36327326745095245,"m_actual_0":0.0010790363435678762,"sec_since_last_log":4.1574132442474365,"converged":false,"Z_node":2.92492045363076e-07,"phi_RS":-15.57359454055222,"_step":9999000,"elapsed_sec":40271.64300608635,"total_time_sec":40275.792499542236,"mu_0":-1.4598445696690046,"chi01":0.0001890951788216396,"total_m_actual":1,"s_final":-0.014580623123589516,"chi00":0.0001947250498517164,"m_actual_1":0.9989209636564321,"iter":9999000,"s":-0.014580978295254182,"Z_edge":1.1630851071973525}