{"chi_diff_max":1.0015488958394112e-21,"m_err_maxabs":0.6666666666666667,"chi00":0.33333333333696835,"chi_max":0.33333333333696835,"chi22":2.1684835606540052e-16,"_wandb":{"runtime":2278},"chi11":2.1684835606540052e-16,"m_err_maxabs_final":0.6666666666666667,"chi12":6.2695323672487065e-18,"total_m_actual":1,"chi02":0.33333333333151555,"chi01":0.33333333333151555,"Z_edge":0.11111111111353446,"m_err_l2":0.816496580927726,"mu_0":0,"chi_diff_l2":1.417587519668216e-21,"elapsed_sec":2278.6900351047516,"m_actual_2":1.8808597101233753e-17,"sec_since_last_log":0.32433056831359863,"chi10":6.2695323672487065e-18,"chi":[0.33333333333696835,0.33333333333151555,0.33333333333151555,6.2695323672487065e-18,2.1684835606540052e-16,6.2695323672487065e-18,6.2695323672487065e-18,6.2695323672487065e-18,2.1684835606540052e-16],"estimated_n_solutions":1,"mu_2":0,"converged":true,"m_actual_0":1,"chi20":6.2695323672487065e-18,"m_actual_1":1.8808597101233753e-17,"iters":7040336,"_step":7040000,"Z_node":5.080526343027719e-05,"phi_RS":0,"iter":7040000,"s":0,"total_time_sec":2278.7995865345,"_timestamp":1.772015822371913e+09,"chi_min":6.2695323672487065e-18,"chi_diff_mean_abs":2.3543612810562585e-22,"chi_entropy":1.0986122886681262,"_runtime":2278.879122465,"chi21":6.2695323672487065e-18,"mu_1":0,"m_err_l2_final":0.816496580927726}