{"elapsed_sec":3214.064375638962,"total_m_actual":1,"chi_diff_mean_abs":1.2335811384723961e-17,"sec_since_last_log":0.7208261489868164,"chi_max":0.3333333333453421,"chi":[0.3333333333453421,0.33333333332732895,0.33333333332732895,0,0,0,0,0,0],"m_err_l2":0.816496580927726,"m_err_maxabs":0.6666666666666667,"m_err_maxabs_final":0.6666666666666667,"iters":4653363,"Z_edge":0.11111111111911695,"_wandb":{"runtime":3214},"chi_min":0,"iter":4653000,"_runtime":3214.37732179,"mu_1":0,"mu_2":0,"_step":4653000,"s":0,"m_err_l2_final":0.816496580927726,"total_time_sec":3214.311447620392,"phi_RS":0,"chi_diff_max":5.551115123125783e-17,"mu_0":0,"chi_entropy":1.0986122886681098,"Z_node":5.080526344176379e-05,"chi_diff_l2":7.850462293418876e-17,"m_actual_1":0,"converged":true,"m_actual_0":1,"_timestamp":1.771944615323005e+09,"m_actual_2":0,"estimated_n_solutions":1}