{"total_m_actual":1.0000000000000002,"m_err_maxabs_final":0.21046503852831572,"Z_edge":0.14020486585111852,"mu_0":0,"chi_diff_mean_abs":2.6213599192538418e-17,"_runtime":317.757816911,"_wandb":{"runtime":317},"elapsed_sec":55.52527952194214,"m_err_l2":0.26611688378196,"m_actual_2":0.27487098174972274,"n_solutions_est":Infinity,"m_err_l2_final":0.2661168837819599,"converged":true,"m_actual_0":0.18133064638862825,"_timestamp":1.7718590278590868e+09,"chi_min":0.023963635830900647,"chi":[0.06744371581969445,0.13719466603613403,0.07354918870889579,0.13930773496058957,0.14675612877198163,0.18489600159550534,0.023963635830900647,0.1925057219381083,0.03438320633819038],"sec_since_last_log":55.5252799987793,"iters":4,"estimated_n_solutions":Infinity,"chi_entropy":2.037100030811953,"total_time_sec":298.428019285202,"phi_RS":142.39186108608357,"iter":0,"chi_diff_max":5.551115123125783e-17,"mu_1":0,"mu_2":0,"_step":0,"chi_max":0.1925057219381083,"chi_diff_l2":9.463389583759429e-17,"m_err_maxabs":0.21046503852831594,"s":142.39186108608357,"Z_node":7.394782428991369e-195,"m_actual_1":0.5437983718616493}