{"phi_RS":0,"m_err_l2_final":0.816496580927726,"iter":6389000,"chi_diff_max":1.001979889649852e-21,"mu_0":0,"Z_edge":0.11111111111737954,"mu_2":0,"mu_1":0,"chi_diff_l2":1.4170160319961737e-21,"elapsed_sec":2174.3316259384155,"chi_max":0.33333333334273596,"total_time_sec":2174.4740233421326,"total_m_actual":1,"m_actual_1":8.614910415862811e-19,"estimated_n_solutions":1,"m_actual_0":1,"chi_min":2.871636805488701e-19,"m_err_maxabs_final":0.6666666666666667,"_wandb":{"runtime":2174},"m_actual_2":8.614910415862811e-19,"m_err_l2":0.816496580927726,"_step":6389000,"iters":6389429,"Z_node":5.080526343818884e-05,"chi_entropy":1.098612288668125,"_runtime":2174.580420866,"s":0,"chi":[0.33333333334273596,0.3333333333286318,0.3333333333286318,2.871636805488701e-19,2.1694167180073484e-16,2.871636805488701e-19,2.871636805488701e-19,2.871636805488701e-19,2.1694167180073484e-16],"chi_diff_mean_abs":2.232516694753149e-22,"_timestamp":1.7719490544296117e+09,"sec_since_last_log":0.33086276054382324,"m_err_maxabs":0.6666666666666667,"converged":true}