{"elapsed_sec":2389.261808872223,"iters":6340679,"chi_diff_max":1.0031381681265756e-21,"chi":[0.333333333342969,0.3333333333285153,0.3333333333285153,1.9642108474474279e-19,2.1719245414383372e-16,1.9642108474474279e-19,1.9642108474474279e-19,1.9642108474474279e-19,2.1719245414383372e-16],"Z_edge":0.11111111111753488,"_wandb":{"runtime":2389},"sec_since_last_log":0.3666865825653076,"total_m_actual":1,"converged":true,"phi_RS":0,"mu_1":0,"mu_2":0,"m_err_maxabs":0.6666666666666667,"Z_node":5.08052634385085e-05,"m_err_l2":0.816496580927726,"m_err_maxabs_final":0.6666666666666667,"chi_min":1.9642108474474279e-19,"chi_diff_mean_abs":2.2332279392529996e-22,"chi_entropy":1.098612288668125,"chi_max":0.333333333342969,"m_actual_2":5.89263254192068e-19,"_runtime":2389.575777763,"estimated_n_solutions":1,"chi_diff_l2":1.418652762577407e-21,"_timestamp":1.771949259974395e+09,"_step":6340000,"mu_0":0,"total_time_sec":2389.506487607956,"m_err_l2_final":0.816496580927726,"m_actual_1":5.89263254192068e-19,"s":0,"iter":6340000,"m_actual_0":1}