{"elapsed_sec":71601.1087846756,"s":0.7460423836562851,"m_actual_2":0.3333333333333333,"m_actual_1":0.3333333333333333,"sec_since_last_log":7.260373592376709,"Z_edge":0.11111111151661446,"iter":9999000,"chi_diff_max":9.490254292975622e-13,"total_time_sec":71608.36467194557,"m_actual_0":0.3333333333333333,"chi11":0.11112060383757899,"chi10":0.11110636474787718,"chi20":0.11110636474787718,"mu_2":0,"chi":[0.11112060383757899,0.11110636474787718,0.11110636474787718,0.11110636474787718,0.11112060383757899,0.11110636474787718,0.11110636474787718,0.11110636474787718,0.11112060383757899],"_timestamp":1.772632105510949e+09,"mu_1":0,"iters":10000000,"_step":9999000,"chi00":0.11112060383757899,"chi02":0.11110636474787718,"_wandb":{"runtime":71608},"chi21":0.11110636474787718,"chi12":0.11110636474787718,"phi_RS":0.7460423836562851,"chi_entropy":2.19722457551148,"total_m_actual":1,"chi22":0.11112060383757899,"mu_0":0,"_runtime":71608.790482866,"Z_node":6.047515803515796e-10,"chi01":0.11110636474787718,"m_err_maxabs_final":2e-80,"converged":false,"m_err_l2_final":3.4641016151377546e-80}