{"Z_node":5.0805263425290776e-05,"total_m_actual":1,"iter":7333000,"s":-3.670503932386494e-30,"iters":7333739,"chi_entropy":1.0986122886681267,"m_err_l2_final":0.8164965809277259,"phi_RS":-3.670503932386494e-30,"chi_diff_max":1.0034173812933486e-21,"chi":[0.33333333333333326,0.33333333333333315,0.33333333333333315,7.929688134045493e-18,2.1725290747597107e-16,7.929688134045493e-18,7.929688134045493e-18,7.929688134045493e-18,2.1725290747597107e-16],"_timestamp":1.7724896878073847e+09,"_wandb":{"runtime":13924},"chi11":2.1725290747597107e-16,"chi00":0.33333333333333326,"chi01":0.33333333333333315,"_runtime":13924.306571992,"sec_since_last_log":1.9370973110198975,"_step":7333000,"chi10":7.929688134045493e-18,"elapsed_sec":13922.819462299347,"Z_edge":0.11111111111111106,"chi21":7.929688134045493e-18,"m_err_maxabs_final":0.6666666666666666,"m_actual_1":2.3789064402136898e-17,"m_actual_0":1,"chi22":2.1725290747597107e-16,"chi02":0.33333333333333315,"chi12":7.929688134045493e-18,"mu_0":0,"converged":true,"mu_1":0,"m_actual_2":2.3789064402136898e-17,"chi20":7.929688134045493e-18,"total_time_sec":13924.239300966263,"mu_2":0}