{"total_m_actual":1,"_runtime":2227.498633403,"m_actual_0":1,"chi_min":8.505417474338974e-19,"m_err_maxabs_final":0.6666666666666667,"m_err_l2":0.816496580927726,"converged":true,"m_err_maxabs":0.6666666666666667,"_wandb":{"runtime":2227},"chi_entropy":1.0986122886681255,"s":0,"phi_RS":0,"mu_1":0,"iter":6541000,"Z_node":5.080526343604911e-05,"chi_max":0.3333333333411761,"Z_edge":0.11111111111633962,"estimated_n_solutions":1,"chi_diff_l2":1.4167994285456694e-21,"mu_0":0,"_timestamp":1.7719490841147184e+09,"chi_diff_mean_abs":2.2437106807548493e-22,"m_actual_1":2.5516252421520253e-18,"m_err_l2_final":0.816496580927726,"_step":6541000,"sec_since_last_log":0.32704877853393555,"elapsed_sec":2227.1792368888855,"m_actual_2":2.5516252421520253e-18,"mu_2":0,"chi":[0.3333333333411761,0.33333333332941173,0.33333333332941173,8.505417474338974e-19,2.169055552436372e-16,8.505417474338974e-19,8.505417474338974e-19,8.505417474338974e-19,2.169055552436372e-16],"iters":6541393,"total_time_sec":2227.3081629276276,"chi_diff_max":1.0018130795140686e-21}