{"converged":true,"mu_2":0,"mu_0":0,"_runtime":2936.592677696,"chi20":0.1005828997923715,"chi22":0.13216753374126147,"chi_entropy":2.1884928950164406,"sec_since_last_log":0.328887939453125,"chi_diff_mean_abs":6.1679056923619804e-18,"chi00":0.13216753374897097,"total_m_actual":1,"m_actual_0":0.3333333333495877,"iter":8503000,"elapsed_sec":2936.2239122390747,"m_actual_2":0.333333333325215,"mu_1":0,"_wandb":{"runtime":2936},"s":0.7461596092246818,"phi_RS":0.7461596092246818,"_timestamp":1.7720164422982578e+09,"Z_node":0.00011607625743950306,"chi01":0.10058289979951793,"chi_min":0.10058289979236636,"chi_max":0.13216753374897097,"chi":[0.13216753374897097,0.10058289979951793,0.10058289979951793,0.10058289979236636,0.13216753374125592,0.10058289979236636,0.1005828997923715,0.1005828997923715,0.13216753374126147],"iters":8503898,"chi21":0.1005828997923715,"m_err_l2_final":1.9920873839260707e-11,"chi12":0.10058289979236636,"_step":8503000,"m_actual_1":0.33333333332519743,"m_err_l2":1.9907412657081878e-11,"chi_diff_max":1.3877787807814457e-17,"m_err_maxabs":1.6254386725478298e-11,"Z_edge":0.11310628931450553,"estimated_n_solutions":Infinity,"chi_diff_l2":2.7755575615628914e-17,"total_time_sec":2936.5214943885803,"m_err_maxabs_final":1.6265322422270856e-11,"chi02":0.10058289979951793,"chi11":0.13216753374125592,"chi10":0.10058289979236636}