{"elapsed_sec":1455.8426885604858,"Z_node":0.0001111994357706102,"chi_max":0.13601483280442717,"chi_diff_mean_abs":5.939608989831886e-11,"chi_entropy":2.1871649817484284,"mu_1":-0.9993551817701887,"estimated_n_solutions":64429.65987138219,"total_m_actual":0.9999999997193191,"_timestamp":1.7709002712281632e+09,"mu_0":-0.9713174550225814,"converged":true,"phi_RS":1.6926784991999195,"mu_2":-1.0311136069115507,"sec_since_last_log":0.6714787483215332,"iters":1929096,"iter":1929000,"s":0.6920830851923536,"m_err_maxabs":5.429524552180709e-09,"_wandb":{"runtime":1455},"chi_diff_max":1.0003456396567856e-10,"m_err_l2_final":3.736154096018549e-08,"_step":1929000,"m_err_maxabs_final":2.911370755587228e-08,"_runtime":1455.982322758,"m_actual_1":0.3333333316475573,"total_time_sec":1455.9107737541199,"n_solutions_est":64429.65953090193,"chi_diff_l2":2.1083055490480674e-10,"Z_edge":0.09078120071316699,"m_err_l2":6.965458323079904e-09,"chi_min":0.09703200245475598,"m_actual_0":0.33333333876285787,"m_actual_2":0.3333333293089039}