{"iter":7798000,"chi_diff_max":2.7755575615628914e-17,"chi_diff_mean_abs":1.2335811384723961e-17,"mu_1":0,"_timestamp":1.7720139049050043e+09,"chi":[0.1321675337355262,0.10058289978692025,0.10058289978692025,0.1005828997985392,0.13216753374823823,0.1005828997985392,0.1005828997985392,0.1005828997985392,0.13216753374823823],"m_err_maxabs":2.669403587063357e-11,"chi_min":0.10058289978692025,"mu_0":0,"total_m_actual":1,"Z_edge":0.11310628931453802,"phi_RS":0.7461596092246818,"iters":7798546,"chi_diff_l2":4.8074067159589095e-17,"s":0.7461596092246818,"chi_max":0.13216753374823823,"m_err_maxabs_final":2.669847676273207e-11,"m_err_l2_final":3.269884515147192e-11,"_step":7798000,"elapsed_sec":2612.0652680397034,"m_err_l2":3.269340619164988e-11,"chi_entropy":2.1884928950163003,"converged":true,"mu_2":0,"m_actual_2":0.33333333334668036,"m_actual_1":0.33333333334668036,"total_time_sec":2612.2509565353394,"estimated_n_solutions":Infinity,"sec_since_last_log":0.3371601104736328,"_runtime":2612.317749168,"Z_node":0.00011607625743965306,"_wandb":{"runtime":2612},"m_actual_0":0.3333333333066393}