{"s":0.7461596092246818,"_step":8339000,"mu_0":0,"total_m_actual":0.9999999999999998,"phi_RS":0.7461596092246818,"Z_node":0.0001160762574395961,"m_actual_0":0.3333333333493124,"m_err_l2_final":1.957617613948493e-11,"_wandb":{"runtime":2805},"m_actual_1":0.3333333333253437,"iter":8339000,"estimated_n_solutions":Infinity,"chi11":0.13216753374140838,"chi10":0.10058289979235642,"chi00":0.1321675337489904,"total_time_sec":2805.2143409252167,"chi_min":0.10058289979235642,"chi02":0.10058289979938358,"chi_diff_l2":2.7755575615628914e-17,"_timestamp":1.7720163002422075e+09,"m_actual_2":0.3333333333253437,"elapsed_sec":2804.896216392517,"sec_since_last_log":0.3345987796783447,"chi_diff_mean_abs":6.1679056923619804e-18,"Z_edge":0.1131062893145257,"chi21":0.10058289979235642,"chi":[0.1321675337489904,0.10058289979938358,0.10058289979938358,0.10058289979235642,0.13216753374140838,0.10058289979235642,0.10058289979235642,0.10058289979235642,0.13216753374140838],"converged":true,"m_err_l2":1.9570374582446394e-11,"chi_diff_max":1.3877787807814457e-17,"mu_2":0,"chi_max":0.1321675337489904,"m_err_maxabs":1.597910692652249e-11,"chi20":0.10058289979235642,"chi12":0.10058289979235642,"mu_1":0,"chi01":0.10058289979938358,"_runtime":2805.28321361,"chi_entropy":2.1884928950163536,"iters":8339981,"m_err_maxabs_final":1.598388088552838e-11,"chi22":0.13216753374140838}