{"Z_node":2.4119782545486745e-07,"chi_min":0.003575487905299772,"m_err_maxabs":0.29898501018761364,"m_err_maxabs_final":0.29899035083186126,"mu_1":-14.985454599075553,"mu_2":-14.995030526504342,"m_actual_1":0.0381341047444859,"chi_entropy":1.2079938999607243,"converged":false,"_timestamp":1.7710100651494744e+09,"sec_since_last_log":2.9321208000183105,"m_err_l2_final":0.4201704506196526,"_runtime":24592.305340419,"m_actual_2":0.034348323145719686,"chi_diff_mean_abs":7.622408134847245e-10,"m_err_l2":0.42016250960477064,"total_time_sec":24592.21148943901,"n_solutions_est":2.2065131534099665e-22,"s":-2.770298539770864,"m_actual_0":0.33471666302684877,"chi_diff_max":1.694679230279661e-09,"estimated_n_solutions":2.2067003157491303e-22,"chi_max":0.40921805844209946,"_wandb":{"runtime":24592},"iters":10000000,"Z_edge":0.16167096850962437,"chi_diff_l2":2.5277295811973416e-09,"total_m_actual":0.40719909091705436,"iter":9999000,"phi_RS":-1.5712078796943327,"_step":9999000,"mu_0":-0.3363430121144384,"elapsed_sec":24589.281093358994}