{"chi11":0.06363017122263094,"chi_diff_max":9.066804455380864e-09,"elapsed_sec":15214.23608493805,"chi00":0.49862537189773354,"chi":[0.49862537189773354,0.187057099789046,0.187057099789046,2.1519728154887197e-08,0.06363017122263094,2.1519728154887197e-08,2.1519728154887197e-08,2.1519728154887197e-08,0.06363017122263094],"chi10":2.1519728154887197e-08,"mu_2":0,"chi01":0.187057099789046,"chi02":0.187057099789046,"_wandb":{"runtime":8106},"m_actual_1":0.015770979401711627,"s":-0.32049895508330134,"_timestamp":1.772557317085712e+09,"mu_0":0,"Z_node":9.025859788913514e-07,"m_actual_2":0.015770979401711627,"chi21":2.1519728154887197e-08,"_runtime":8106.622645709,"chi_entropy":1.3246980673768842,"m_actual_0":0.9684580411965767,"mu_1":0,"total_m_actual":1,"_step":2645000,"sec_since_last_log":3.1336917877197266,"chi20":2.1519728154887197e-08,"chi12":2.1519728154887197e-08,"Z_edge":0.2567248749814684,"iter":2645000,"phi_RS":-0.32049895508330134,"chi22":0.06363017122263094}