{"m_actual_0":0.01946110480387384,"Z_edge":0.19479235158176242,"chi01":0.007622922426239643,"chi_diff_max":2.050311513782716e-16,"s_final":0.03657342746433071,"sec_since_last_log":3.8062989711761475,"_timestamp":1.7726562115286696e+09,"total_time_sec":35048.681116104126,"chi00":0.03250495894019271,"converged":false,"s":0.03657342746411385,"chi_entropy":0.8443857780675115,"Z_node":0.01602138269912554,"m_actual_1":0.9805388951961261,"iter":9999000,"chi":[0.03250495894019271,0.007622922426239643,0.41502432881968604,0.5448477898138816],"_step":9999000,"mu_0":0.3131386975939978,"iters":10000000,"_wandb":{"runtime":35048},"_runtime":35048.910365869,"mu_1":-1.5920465828409092,"elapsed_sec":35044.942059755325,"total_m_actual":1,"chi10":0.41502432881968604,"phi_RS":1.5915429998916815,"chi11":0.5448477898138816}