{"phi_RS":0.611926732086781,"converged":true,"m_actual_1":0.5000000000308884,"_timestamp":1.7719427061715302e+09,"m_err_l2":0.4082482904638631,"Z_edge":0.1150260008307957,"_runtime":1589.601235767,"estimated_n_solutions":1.9405099794573237e+266,"chi_min":2.1346150189822458e-19,"m_err_maxabs_final":0.3333333333333333,"s":0.611926732086781,"elapsed_sec":1589.3588716983795,"chi_diff_mean_abs":2.46716246227853e-17,"chi_diff_l2":9.614813431917888e-17,"chi":[0.17752677170350054,0.16123661413473403,0.16123661413473403,0.1612366141517586,0.17752677172351417,0.1612366141517586,2.1346150189822458e-19,4.1736124989942354e-19,1.1041382344422512e-18],"mu_0":0,"m_actual_0":0.49999999996911176,"chi_max":0.17752677172351417,"_step":4173000,"_wandb":{"runtime":1589},"chi_diff_max":5.551115123125783e-17,"mu_2":0,"sec_since_last_log":0.36290597915649414,"iter":4173000,"total_m_actual":1.0000000000000002,"m_err_l2_final":0.40824829046386296,"m_actual_2":8.84249855610757e-19,"m_err_maxabs":0.3333333333333333,"chi_entropy":1.7907089741924773,"iters":4173373,"mu_1":0,"Z_node":0.00010948093462466206,"total_time_sec":1589.4936752319336}