{"_wandb":{"runtime":2687},"m_err_maxabs":3.392031100446502e-11,"m_err_l2":4.1543726938726214e-11,"iters":7856200,"elapsed_sec":2687.552348613739,"mu_2":0,"chi_diff_max":2.7755575615628914e-17,"_runtime":2687.696672522,"sec_since_last_log":0.3383469581604004,"_step":7856000,"estimated_n_solutions":Infinity,"chi":[0.132167533733347,0.1005828997844482,0.1005828997844482,0.10058289979980099,0.13216753374927628,0.10058289979980099,0.10058289979980099,0.10058289979980099,0.13216753374927628],"m_err_l2_final":4.153443538237592e-11,"m_actual_2":0.33333333335029347,"chi_max":0.13216753374927628,"m_err_maxabs_final":3.391270597674634e-11,"converged":true,"m_actual_1":0.33333333335029347,"mu_1":0,"mu_0":0,"_timestamp":1.7720140348361695e+09,"phi_RS":0.74615960922468,"chi_diff_mean_abs":2.1587669923266933e-17,"s":0.74615960922468,"chi_entropy":2.1884928950163283,"chi_min":0.1005828997844482,"chi_diff_l2":6.798699777552591e-17,"Z_edge":0.11310628931453151,"iter":7856000,"total_time_sec":2687.6213839054108,"total_m_actual":1,"Z_node":0.00011607625743962298,"m_actual_0":0.333333333299413}