{"chi_entropy":1.09390728078469,"total_m_actual":1,"_wandb":{"runtime":30989},"Z_edge":0.26473304236628226,"s_final":-0.06413542851633575,"m_actual_1":0.8656762260221611,"iters":10000000,"chi00":0.12795326786107433,"chi01":0.029191434880024916,"_step":9999000,"mu_0":0.9201084098261512,"_runtime":30989.1170434,"chi_diff_max":7.545199875776693e-18,"sec_since_last_log":3.0737743377685547,"s":-0.06413542851642183,"chi11":0.4380081613477157,"phi_RS":-0.5315875874110351,"Z_node":0.005610001424191079,"mu_1":0.3972151648406408,"chi10":0.40484713591118504,"_timestamp":1.7726966317319365e+09,"elapsed_sec":30985.89526295662,"converged":false,"total_time_sec":30988.971358060837,"chi":[0.12795326786107433,0.029191434880024916,0.40484713591118504,0.4380081613477157],"m_actual_0":0.13432377397783887,"iter":9999000}