{"mu_2":0,"iter":9999000,"m_actual_0":0.33333333331980264,"chi":[0.13216753373943138,0.10058289979097332,0.10058289979097332,0.10058289979668406,0.13216753374594284,0.10058289979668406,0.10058289979668406,0.10058289979668406,0.13216753374594284],"Z_node":0.00011607625743945307,"_runtime":3442.719426384,"m_actual_2":0.3333333333400987,"chi_diff_max":2.7755575615628914e-17,"_step":9999000,"_wandb":{"runtime":3442},"mu_0":0,"elapsed_sec":3442.314794778824,"m_err_maxabs":1.3530676579165402e-11,"chi_entropy":2.1884928950164872,"estimated_n_solutions":Infinity,"chi_min":0.10058289979097332,"chi_diff_l2":5.887846720064156e-17,"m_err_l2":1.6571649409154698e-11,"sec_since_last_log":0.33099818229675293,"converged":false,"mu_1":0,"total_m_actual":1,"Z_edge":0.1131062893144947,"_timestamp":1.7719504364013948e+09,"chi_max":0.13216753374594284,"m_err_l2_final":1.6571649409154698e-11,"s":0.7461596092246818,"m_actual_1":0.3333333333400987,"m_err_maxabs_final":1.3530676579165402e-11,"chi_diff_mean_abs":1.850371707708594e-17,"total_time_sec":3442.6461775302887,"iters":10000000,"phi_RS":0.7461596092246818}