{"m_err_maxabs_final":0.3333333333333333,"m_actual_1":3.6942560646407503e-67,"_timestamp":1.770985712925876e+09,"total_time_sec":0.013990402221679688,"elapsed_sec":0.003996372222900391,"mu_1":-0.9999999340975488,"estimated_n_solutions":0,"converged":true,"_runtime":0.082714945,"chi_min":8.195344720768001e-263,"iter":0,"chi_max":1,"m_actual_0":0.9999999340975488,"chi_diff_max":0.8888888888888888,"m_err_l2_final":0.471404520815753,"m_err_l2":0.8164965271186008,"_step":0,"s":-600.768262914351,"m_err_maxabs":0.6666666007642155,"phi_RS":-599.7682630461559,"sec_since_last_log":0.003996610641479492,"mu_0":-0.999999934097549,"chi_entropy":3.912003172933727e-28,"chi_diff_l2":0.9428090415820631,"_wandb":{"runtime":0},"total_m_actual":0.9999999340975488,"Z_node":1.2293017081152003e-261,"m_actual_2":2.356630202612465e-292,"Z_edge":0.8751733267330897,"mu_2":-0.9999999340975488,"iters":1,"n_solutions_est":0,"chi_diff_mean_abs":0.19753086419753088}