{"m_actual_0":0.3333333485354747,"chi_diff_mean_abs":2.132876545133142e-10,"Z_edge":0.09086756028087892,"estimated_n_solutions":60029.77516392872,"m_actual_2":0.3333332957145039,"iter":999000,"chi_diff_max":4.6407713782947724e-10,"_wandb":{"runtime":794},"Z_node":0.0001113910784511825,"chi_diff_l2":7.307072360874244e-10,"mu_0":-0.9429910096751399,"_timestamp":1.7708941421077564e+09,"m_err_l2_final":3.107179396104885e-08,"m_actual_1":0.33333335253897334,"elapsed_sec":794.2737629413605,"_step":999000,"m_err_maxabs_final":2.5979110251928006e-08,"m_err_l2":4.4890288923789524e-08,"sec_since_last_log":0.6351423263549805,"total_time_sec":794.9097955226898,"chi_entropy":2.1861454788045385,"chi_min":0.09391885875613692,"m_err_maxabs":3.7618829440422275e-08,"n_solutions_est":60029.37828439733,"mu_1":-0.9996880932786947,"phi_RS":1.690121644012521,"converged":false,"chi_max":0.13913804652746237,"iters":1000000,"s":0.6876622481777324,"_runtime":794.981553392,"total_m_actual":0.9999999967889519,"mu_2":-1.064699104103337}