{"iters":6315940,"chi_entropy":1.0986122886681535,"Z_node":5.0805263435333185e-05,"sec_since_last_log":0.3460848331451416,"mu_1":0,"s":1.7763568394002505e-15,"m_err_l2":0.8164965809277247,"phi_RS":1.7763568394002505e-15,"_wandb":{"runtime":2209},"m_actual_1":5.902074114757628e-16,"estimated_n_solutions":1.00000000000178,"elapsed_sec":2208.9611582756042,"chi_max":0.3333333333406538,"_timestamp":1.771943373088157e+09,"m_actual_0":0.999999999999999,"mu_0":0,"m_actual_2":5.902074114757628e-16,"chi_diff_mean_abs":6.270354298939601e-22,"total_m_actual":1.0000000000000002,"chi_diff_l2":2.3065234790218488e-21,"mu_2":0,"chi_min":1.967358038360563e-16,"converged":true,"total_time_sec":2209.2854828834534,"_step":6315000,"m_err_l2_final":0.8164965809277247,"chi":[0.3333333333406538,0.33333333332967247,0.33333333332967247,1.967358038360563e-16,2.1745434137019627e-16,1.967358038360563e-16,1.967358038360563e-16,1.967358038360563e-16,2.1745434137019627e-16],"chi_diff_max":1.004347736194641e-21,"m_err_maxabs":0.6666666666666656,"m_err_maxabs_final":0.6666666666666656,"Z_edge":0.11111111111599167,"_runtime":2209.352704423,"iter":6315000}