{"chi_entropy":2.18849289501636,"total_m_actual":1,"mu_0":0,"_step":9999000,"elapsed_sec":3374.5659730434418,"estimated_n_solutions":Infinity,"m_err_l2_final":2.0415362315385996e-11,"m_err_maxabs":1.6669110536327025e-11,"s":0.7461596092246818,"chi_max":0.13216753374655346,"phi_RS":0.7461596092246818,"mu_2":0,"iter":9999000,"total_time_sec":3374.8878965377808,"_runtime":3374.958501401,"chi":[0.13216753373867646,0.10058289978975891,0.10058289978975891,0.10058289979717468,0.13216753374655346,0.10058289979717468,0.10058289979717468,0.10058289979717468,0.13216753374655346],"m_actual_2":0.33333333334166787,"sec_since_last_log":0.3224217891693115,"_timestamp":1.7720146381875122e+09,"m_err_l2":2.0415407640026023e-11,"mu_1":0,"m_actual_1":0.33333333334166787,"converged":false,"chi_diff_mean_abs":1.850371707708594e-17,"chi_min":0.10058289978975891,"chi_diff_l2":5.887846720064156e-17,"Z_node":0.00011607625743958905,"chi_diff_max":2.7755575615628914e-17,"m_actual_0":0.3333333333166642,"iters":10000000,"m_err_maxabs_final":1.6669055025175794e-11,"_wandb":{"runtime":3374},"Z_edge":0.11310628931452417}