{"converged":true,"iters":4653363,"chi_diff_mean_abs":1.2335811384723961e-17,"chi_diff_max":5.551115123125783e-17,"chi":[0.3333333333453421,0.33333333332732895,0.33333333332732895,0,0,0,0,0,0],"m_actual_1":0,"chi_max":0.3333333333453421,"m_err_l2":0.816496580927726,"mu_2":0,"mu_1":0,"iter":4653000,"m_actual_0":1,"m_actual_2":0,"total_m_actual":1,"_runtime":3199.553511492,"chi_min":0,"Z_node":5.080526344176379e-05,"Z_edge":0.11111111111911695,"chi_diff_l2":7.850462293418876e-17,"estimated_n_solutions":1,"m_err_maxabs_final":0.6666666666666667,"_wandb":{"runtime":3199},"chi_entropy":1.0986122886681098,"_timestamp":1.7719444673054152e+09,"elapsed_sec":3199.1933217048645,"total_time_sec":3199.4399738311768,"phi_RS":0,"sec_since_last_log":0.6784915924072266,"mu_0":0,"_step":4653000,"m_err_maxabs":0.6666666666666667,"s":0,"m_err_l2_final":0.816496580927726}