{"chi_diff_mean_abs":2.4671622769447922e-17,"m_err_maxabs_final":2.219113781620763e-12,"chi_diff_max":4.163336342344337e-17,"chi_min":0.10058289979457169,"mu_2":0,"chi_entropy":2.1884928950162155,"iters":8045401,"converged":true,"m_actual_0":0.3333333333355331,"mu_0":0,"total_time_sec":2802.578843832016,"_step":8045000,"m_actual_2":0.3333333333322267,"elapsed_sec":2802.4365515708923,"Z_edge":0.1131062893145577,"chi":[0.13216753374501894,0.10058289979468486,0.10058289979468486,0.10058289979458684,0.1321675337436472,0.10058289979458684,0.10058289979457169,0.10058289979457169,0.1321675337436472],"m_err_l2":2.694182970171351e-12,"_wandb":{"runtime":2802},"chi_diff_l2":8.092071311423672e-17,"phi_RS":0.7461596092246818,"chi_max":0.13216753374501894,"sec_since_last_log":0.35146331787109375,"iter":8045000,"_timestamp":1.7720141334352436e+09,"m_err_l2_final":2.7177943337400404e-12,"estimated_n_solutions":Infinity,"total_m_actual":1,"_runtime":2802.648375294,"Z_node":0.00011607625743974386,"s":0.7461596092246818,"mu_1":0,"m_actual_1":0.3333333333322402,"m_err_maxabs":2.199795900992285e-12}