{"iter":9999000,"chi_entropy":1.2094604509406608,"chi_max":0.40948970402027063,"m_actual_1":0.03793294391708758,"phi_RS":-1.5425474206809788,"_step":9999000,"elapsed_sec":48066.425911188126,"Z_edge":0.16190034431251313,"_wandb":{"runtime":48072},"chi_diff_mean_abs":8.047303956499083e-10,"m_err_maxabs":0.2980844717990346,"n_solutions_est":3.0709442143442195e-22,"iters":10000000,"_timestamp":1.771037076450033e+09,"mu_0":-0.3363714625842614,"mu_2":-14.992531889921628,"s":-2.7519346357672703,"m_err_maxabs_final":0.29809015173863207,"m_err_l2_final":0.4196720990280933,"chi_diff_l2":2.6438127989567758e-09,"m_actual_2":0.03524886153429875,"chi_diff_max":1.7216094105876323e-09,"total_m_actual":0.4079107868949527,"_runtime":48072.847065315,"mu_1":-14.982339853046872,"Z_node":2.508640676407764e-07,"m_err_l2":0.4196637823646766,"estimated_n_solutions":3.0711393055603943e-22,"sec_since_last_log":6.334619522094727,"m_actual_0":0.3347289814435664,"total_time_sec":48072.75218605995,"converged":false,"chi_min":0.003680070666980839}