{"elapsed_sec":3522.304565191269,"total_m_actual":0.9999999999873312,"phi_RS":1.6926785133274773,"m_actual_1":0.3333333332501643,"estimated_n_solutions":64429.703220172,"m_actual_0":0.333333333581927,"chi_entropy":2.1871649878627486,"converged":true,"_step":1928000,"mu_1":-0.9993548438995514,"mu_0":-0.9713182996230906,"mu_2":-1.0311130148071324,"chi_diff_l2":2.1266466314157584e-10,"sec_since_last_log":1.830904483795166,"m_err_maxabs":2.4859370117980006e-10,"m_err_l2":3.1691191993622915e-10,"n_solutions_est":64429.65876344924,"s":0.6920831272428387,"chi_min":0.0970320013542659,"iter":1928000,"_wandb":{"runtime":3524},"m_err_maxabs_final":2.467077653278693e-10,"m_err_l2_final":3.164855432381761e-10,"m_actual_2":0.33333333315523994,"chi_diff_mean_abs":6.003452056467672e-11,"Z_node":0.00011119943533529097,"_timestamp":1.77090357409654e+09,"chi_diff_max":1.0039513664850119e-10,"chi_max":0.1360147515853771,"total_time_sec":3524.1226501464844,"iters":1928994,"_runtime":3524.200862708,"Z_edge":0.09078120034918843}