{"chi_entropy":0.3739762806973909,"s":-0.001172736367525193,"chi":[1.6565112508694738e-05,1.6617135361599717e-05,0.8765988032201015,0.12336801453202817],"chi01":1.6617135361599717e-05,"_timestamp":1.772664292760226e+09,"chi11":0.12336801453202817,"mu_1":15.132371205685953,"chi00":1.6565112508694738e-05,"total_m_actual":1,"iter":9999000,"converged":false,"phi_RS":-15.132056859276666,"sec_since_last_log":4.4440836906433105,"mu_0":-1.4327430210500727,"_runtime":43129.285213163,"m_actual_1":0.9999102280396949,"Z_node":4.3533890709208136e-07,"total_time_sec":43129.18978834152,"elapsed_sec":43124.73057055473,"_step":9999000,"chi_diff_max":2.0725161566997653e-10,"_wandb":{"runtime":43129},"Z_edge":1.1486041066710215,"iters":10000000,"chi10":0.8765988032201015,"s_final":-0.0011727051106463111,"m_actual_0":8.977196030512652e-05}