{"estimated_n_solutions":1,"chi_diff_l2":1.0754934944125551e-21,"chi_diff_mean_abs":1.9434171699930923e-22,"chi_entropy":1.0986122886681233,"mu_0":0,"total_time_sec":2807.292525291443,"_wandb":{"runtime":2807},"mu_2":0,"iters":7516754,"chi_diff_max":1.0034854137762607e-21,"m_actual_2":1.541455744409156e-16,"m_err_l2":0.8164965809277258,"_step":7516000,"Z_node":5.080526342532124e-05,"chi_max":0.3333333333333554,"m_err_maxabs_final":0.6666666666666665,"elapsed_sec":2807.0311844348907,"_runtime":2807.386686233,"s":0,"sec_since_last_log":0.3522777557373047,"mu_1":0,"total_m_actual":1.0000000000000002,"m_actual_0":6.35670867973674e-17,"converged":true,"_timestamp":1.7719431040634382e+09,"chi":[5.154750005578911e-18,2.118902893245756e-17,2.7729017303933057e-17,0.33333333333334986,0.3333333333333554,0.33333333333329435,5.597528176982186e-17,5.1381858146984556e-17,2.1726763739509936e-16],"m_err_l2_final":0.8164965809277258,"n_solutions_est":1,"iter":7516000,"m_err_maxabs":0.6666666666666665,"phi_RS":0,"Z_edge":0.11111111111112587,"chi_min":5.154750005578911e-18,"m_actual_1":0.9999999999999999}