{"n_solutions_est":3852.9947180770782,"sec_since_last_log":0.5918776988983154,"estimated_n_solutions":3852.992731605663,"mu_0":-0.9492112903258267,"m_actual_1":0.33333330729754207,"chi_diff_mean_abs":6.523178293823169e-11,"total_m_actual":1.0000000014248531,"m_err_l2_final":1.3389938856190316e-08,"mu_1":-0.9979428124922314,"elapsed_sec":494.70748925209045,"Z_node":0.00030364449650552517,"phi_RS":1.5524374306323452,"m_err_maxabs_final":9.609227247242558e-09,"m_err_l2":3.685186385716827e-08,"chi_entropy":2.1799181859917622,"total_time_sec":494.9652271270752,"_runtime":495.033491609,"m_actual_0":0.33333333475199545,"converged":true,"mu_2":-1.0588370886232519,"_timestamp":1.7708297759889295e+09,"_step":661000,"_wandb":{"runtime":495},"Z_edge":0.08954422893511302,"chi_diff_l2":2.150821677027768e-10,"chi_min":0.09145341162092163,"iter":661000,"chi_max":0.14483163498757587,"m_actual_2":0.3333333593753156,"m_err_maxabs":2.604198229283483e-08,"s":0.5504403638799791,"iters":661437,"chi_diff_max":1.0136473604926977e-10}