{"_wandb":{"runtime":2883},"_timestamp":1.7720143219540143e+09,"iters":8339981,"total_time_sec":2883.8701255321503,"_step":8339000,"sec_since_last_log":0.3515639305114746,"mu_2":0,"chi":[0.1321675337489904,0.10058289979938358,0.10058289979938358,0.10058289979235642,0.13216753374140838,0.10058289979235642,0.10058289979235642,0.10058289979235642,0.13216753374140838],"chi_min":0.10058289979235642,"mu_0":0,"m_actual_0":0.3333333333493124,"chi_entropy":2.1884928950163536,"chi_diff_max":1.3877787807814457e-17,"iter":8339000,"chi_max":0.1321675337489904,"chi_diff_l2":2.7755575615628914e-17,"_runtime":2883.942911169,"mu_1":0,"m_actual_2":0.3333333333253437,"m_actual_1":0.3333333333253437,"m_err_l2":1.9570374582446394e-11,"s":0.7461596092246818,"phi_RS":0.7461596092246818,"m_err_maxabs_final":1.598388088552838e-11,"total_m_actual":0.9999999999999998,"Z_node":0.0001160762574395961,"chi_diff_mean_abs":6.1679056923619804e-18,"m_err_l2_final":1.957617613948493e-11,"estimated_n_solutions":Infinity,"converged":true,"m_err_maxabs":1.597910692652249e-11,"Z_edge":0.1131062893145257,"elapsed_sec":2883.53404045105}