{"total_m_actual":1,"m_err_maxabs":2.5630275679588976e-11,"m_actual_0":0.33333333330770304,"iters":3626684,"_runtime":14405.395822247,"phi_RS":0.7461596092246818,"chi_max":0.1321675337493418,"chi_diff_l2":4.8074067159589095e-17,"converged":true,"chi_min":0.1005828997868891,"chi_diff_mean_abs":1.2335811384723961e-17,"s":0.7461596092246818,"Z_edge":0.11310628931453526,"estimated_n_solutions":Infinity,"Z_node":0.00011607625743964022,"m_err_l2":3.196769318567766e-11,"m_err_maxabs_final":2.5579760531968532e-11,"_step":3626000,"m_actual_1":0.33333333334187276,"mu_2":0,"_wandb":{"runtime":14405},"mu_1":0,"chi_entropy":2.1884928950163123,"chi":[0.1321675337359814,0.1005828997868891,0.1005828997868891,0.10058289979731357,0.13216753374663562,0.10058289979731357,0.10058289979981791,0.10058289979981791,0.1321675337493418],"m_err_l2_final":3.1907986026957445e-11,"_timestamp":1.7719556743321958e+09,"m_actual_2":0.33333333335042425,"sec_since_last_log":4.4672486782073975,"total_time_sec":14405.322479486465,"elapsed_sec":14402.276758909225,"chi_diff_max":2.7755575615628914e-17,"mu_0":0,"iter":3626000}