{"iters":1678513,"elapsed_sec":1250.5323231220245,"total_time_sec":1250.9107089042664,"chi_min":0.10058289979393677,"iter":1678000,"_timestamp":1.7719425027041125e+09,"chi_diff_max":1.3877787807814457e-17,"m_err_l2_final":0,"m_actual_1":0.33333333333333337,"chi_max":0.13216753374545984,"mu_1":0,"chi_entropy":2.1884928950151052,"phi_RS":0.7461596092246836,"chi":[0.13216753374545984,0.10058289979393677,0.10058289979393677,0.10058289979393677,0.13216753374545984,0.10058289979393677,0.10058289979393677,0.10058289979393677,0.13216753374545984],"sec_since_last_log":0.7276120185852051,"mu_2":0,"Z_node":0.00011607625744093012,"Z_edge":0.11310628931481453,"estimated_n_solutions":Infinity,"m_err_l2":9.614813431917819e-17,"m_err_maxabs":5.551115123125783e-17,"_step":1678000,"_wandb":{"runtime":1250},"chi_diff_mean_abs":9.25185853854297e-18,"_runtime":1250.977190379,"mu_0":0,"m_actual_0":0.33333333333333337,"total_m_actual":1,"converged":true,"s":0.7461596092246836,"m_err_maxabs_final":0,"chi_diff_l2":3.3993498887762956e-17,"m_actual_2":0.33333333333333337}