{"chi21":8.032651449880231e-18,"total_time_sec":14087.26459813118,"_timestamp":1.7724898485672848e+09,"chi20":8.032651449880231e-18,"_step":7500000,"Z_node":5.080526342529072e-05,"chi":[0.3333333333333332,0.33333333333333315,0.33333333333333315,8.032651449880231e-18,2.1726823884587838e-16,8.032651449880231e-18,8.032651449880231e-18,8.032651449880231e-18,2.1726823884587838e-16],"chi02":0.33333333333333315,"mu_0":0,"mu_2":0,"sec_since_last_log":1.8421475887298584,"Z_edge":0.11111111111111105,"_runtime":14087.376680307,"phi_RS":-3.74183387718917e-30,"m_actual_1":2.409795434964112e-17,"chi_diff_max":1.0034881916830579e-21,"converged":true,"chi00":0.3333333333333332,"chi_entropy":1.0986122886681267,"iter":7500000,"chi12":8.032651449880231e-18,"mu_1":0,"elapsed_sec":14085.877072811127,"m_actual_2":2.409795434964112e-17,"chi22":2.1726823884587838e-16,"m_actual_0":1,"iters":7500754,"m_err_l2_final":0.8164965809277259,"chi01":0.33333333333333315,"chi10":8.032651449880231e-18,"total_m_actual":1,"chi11":2.1726823884587838e-16,"m_err_maxabs_final":0.6666666666666666,"s":-3.74183387718917e-30,"_wandb":{"runtime":14087}}