{"mu_2":-1.0311130147678436,"n_solutions_est":64429.658766727545,"chi_diff_mean_abs":6.003454523629949e-11,"_step":1928000,"chi_min":0.09703200135771319,"m_err_l2_final":3.1658682183738015e-10,"estimated_n_solutions":64429.70322353203,"converged":true,"Z_node":0.00011119943533544276,"m_actual_1":0.333333333250142,"m_actual_2":0.3333333331549903,"sec_since_last_log":2.367959499359131,"chi_entropy":2.1871649878633157,"total_time_sec":4029.531513929367,"m_err_l2":3.1700867132332323e-10,"_wandb":{"runtime":4029},"m_actual_0":0.33333333358186396,"chi_max":0.13601475158099596,"iter":1928000,"iters":1928994,"mu_1":-0.9993548438855114,"m_err_maxabs_final":2.466617465834986e-10,"chi_diff_max":1.0039519215965242e-10,"total_m_actual":0.9999999999869964,"s":0.6920831272460981,"mu_0":-0.9713182996702859,"_runtime":4029.6026714,"chi_diff_l2":2.126647454338345e-10,"Z_edge":0.09078120034919837,"m_err_maxabs":2.4853064051200136e-10,"_timestamp":1.7709041042656076e+09,"elapsed_sec":4027.199900150299,"phi_RS":1.6926785133283513}