{"iter":8149000,"mu_2":0,"sec_since_last_log":0.3566431999206543,"mu_1":0,"m_err_maxabs_final":1.594724352571575e-11,"_step":8149000,"total_m_actual":1,"mu_0":0,"chi_max":0.13216753374896542,"m_err_l2_final":1.9531304720953086e-11,"total_time_sec":2883.739448785782,"m_actual_1":0.33333333332536036,"converged":true,"m_actual_2":0.33333333332536036,"m_err_l2":1.9529673033006472e-11,"chi_diff_mean_abs":9.25185853854297e-18,"m_err_maxabs":1.5945911258086198e-11,"iters":8149357,"elapsed_sec":2883.6122167110443,"estimated_n_solutions":Infinity,"_timestamp":1.7719431920320837e+09,"_runtime":2883.853765532,"chi_diff_max":1.3877787807814457e-17,"chi_min":0.10058289979237012,"n_solutions_est":Infinity,"chi_diff_l2":3.3993498887762956e-17,"chi":[0.13216753374896542,0.10058289979937915,0.10058289979937915,0.10058289979237012,0.13216753374139784,0.10058289979237012,0.10058289979237012,0.10058289979237012,0.13216753374139784],"_wandb":{"runtime":2883},"Z_node":0.00011607625743958247,"Z_edge":0.11310628931452275,"phi_RS":0.74615960922468,"m_actual_0":0.3333333333492792,"chi_entropy":2.188492895016366,"s":0.74615960922468}