{"estimated_n_solutions":0,"total_m_actual":1,"sec_since_last_log":49.33567667007446,"m_err_l2_final":0.816496580927726,"m_actual_2":0,"_wandb":{"runtime":82},"m_err_l2":0.816496580927726,"chi":[1,0,0,0,0,0,0,0,0],"mu_0":0,"chi_min":0,"_runtime":82.291710002,"converged":true,"m_err_maxabs_final":0.6666666666666667,"Z_node":0,"n_solutions_est":0,"iter":0,"m_actual_1":0,"s":-Infinity,"chi_diff_max":0,"_timestamp":1.7718592251544375e+09,"Z_edge":1,"_step":0,"mu_1":0,"iters":0,"m_err_maxabs":0.6666666666666667,"phi_RS":-Infinity,"mu_2":0,"elapsed_sec":49.335676431655884,"chi_max":1,"total_time_sec":65.5159204006195,"chi_entropy":0,"m_actual_0":1,"chi_diff_mean_abs":0,"chi_diff_l2":0}