{"converged":true,"chi00":0.13216753375092222,"chi21":0.10058289979159264,"mu_0":0,"phi_RS":0.7461596092246818,"s":0.7461596092246818,"chi_diff_l2":6.206335383118183e-17,"chi_diff_mean_abs":1.5419764230904953e-17,"total_m_actual":1,"mu_1":0,"Z_node":0.00011607625743964827,"m_actual_1":0.33333333332250326,"elapsed_sec":2928.8571701049805,"m_err_maxabs":2.1660118143529417e-11,"chi12":0.10058289979159264,"iters":8636445,"m_actual_2":0.33333333332250326,"m_err_l2":2.652811861002356e-11,"Z_edge":0.11310628931453699,"_wandb":{"runtime":2929},"_runtime":2929.077253368,"chi01":0.10058289980082182,"chi02":0.10058289980082182,"chi10":0.10058289979159264,"mu_2":0,"sec_since_last_log":0.3360137939453125,"m_err_l2_final":2.6526033675502557e-11,"chi11":0.13216753374053183,"_step":8636000,"m_actual_0":0.33333333335499343,"total_time_sec":2929.007487297058,"chi_diff_max":2.7755575615628914e-17,"estimated_n_solutions":Infinity,"_timestamp":1.772016437877956e+09,"chi_min":0.10058289979159264,"chi_entropy":2.188492895016305,"chi":[0.13216753375092222,0.10058289980082182,0.10058289980082182,0.10058289979159264,0.13216753374053183,0.10058289979159264,0.10058289979159264,0.10058289979159264,0.13216753374053183],"m_err_maxabs_final":2.165845280899248e-11,"chi20":0.10058289979159264,"chi_max":0.13216753375092222,"iter":8636000,"chi22":0.13216753374053183}