{"m_err_maxabs_final":5.7175320034019705e-11,"phi_RS":1.5855219354258416,"_step":2999000,"mu_2":-1.0005097717796532,"n_solutions_est":37776.37568094453,"mu_0":-0.9994868474695954,"Z_edge":0.09724252682914689,"_runtime":7838.081872512,"chi_entropy":2.1972191932918674,"iter":2999000,"converged":false,"chi_max":0.1116848763577595,"chi_diff_max":1.9072098067507426e-10,"chi_diff_mean_abs":1.1292498417840117e-10,"s":0.585521761022441,"estimated_n_solutions":37774.58112528219,"m_actual_2":0.3333333332765787,"total_m_actual":0.9999999999998972,"m_actual_1":0.33333333333282816,"_timestamp":1.7709126953885875e+09,"m_err_l2":8.054983184359623e-11,"m_err_maxabs":5.715711237641585e-11,"m_actual_0":0.3333333333904904,"chi_min":0.11082695782676488,"total_time_sec":7838.009445428848,"sec_since_last_log":2.4881203174591064,"_wandb":{"runtime":7838},"chi_diff_l2":3.6095041345346964e-10,"m_err_l2_final":8.05529108362775e-11,"Z_node":1.251714239640796e-07,"mu_1":-1.0000039039614361,"elapsed_sec":7835.540113210678,"iters":3000000}