{"m_err_l2":2.011774668349675e-11,"iter":7496000,"iters":7496446,"elapsed_sec":2576.086014032364,"mu_1":0,"total_time_sec":2576.23810338974,"chi_diff_l2":2.7755575615628914e-17,"_runtime":2576.305055168,"mu_2":0,"Z_node":0.00011607625743959234,"chi_min":0.10058289978988712,"s":0.7461596092246818,"Z_edge":0.11310628931452486,"chi_diff_max":1.3877787807814457e-17,"m_err_l2_final":2.012261046176656e-11,"estimated_n_solutions":Infinity,"m_err_maxabs_final":1.6429801963369073e-11,"chi_max":0.1321675337465562,"sec_since_last_log":0.3362462520599365,"_step":7496000,"m_actual_0":0.3333333333169075,"mu_0":0,"chi":[0.13216753373873474,0.10058289978988712,0.10058289978988712,0.10058289979711953,0.1321675337465562,0.10058289979711953,0.10058289979709613,0.10058289979709613,0.13216753374650347],"m_actual_2":0.33333333334147425,"total_m_actual":1.0000000000000002,"_timestamp":1.7719495750556107e+09,"converged":true,"chi_diff_mean_abs":6.1679056923619804e-18,"_wandb":{"runtime":2576},"chi_entropy":2.188492895016357,"m_err_maxabs":1.6425805160480422e-11,"phi_RS":0.7461596092246818,"m_actual_1":0.33333333334161835}