{"elapsed_sec":2689.2303388118744,"m_err_maxabs":2.137123811252195e-12,"iter":7980000,"estimated_n_solutions":Infinity,"m_actual_0":0.33333333333547044,"Z_edge":0.11310628931455612,"_wandb":{"runtime":2689},"chi_diff_max":2.7755575615628914e-17,"chi_diff_mean_abs":9.25185853854297e-18,"chi_entropy":2.1884928950162226,"converged":true,"total_time_sec":2689.414994239807,"_step":7980000,"chi_max":0.1321675337449965,"sec_since_last_log":0.3254432678222656,"m_actual_2":0.3333333333322733,"total_m_actual":1,"iters":7980569,"Z_node":0.00011607625743973659,"s":0.74615960922468,"mu_2":0,"chi":[0.1321675337449965,0.1005828997946556,0.1005828997946556,0.10058289979459734,0.1321675337436434,0.10058289979459734,0.10058289979460289,0.10058289979460289,0.13216753374364856],"mu_1":0,"m_err_maxabs_final":2.16249240736488e-12,"m_err_l2_final":2.648508794918705e-12,"m_actual_1":0.33333333333225623,"m_err_l2":2.6174591669229008e-12,"_timestamp":1.772013942304957e+09,"chi_diff_l2":4.8074067159589095e-17,"phi_RS":0.74615960922468,"chi_min":0.10058289979459734,"_runtime":2689.47670384,"mu_0":0}