{"m_err_l2":0.05810391534685587,"m_actual_2":0.2737208241074965,"chi_min":0.0743510638982316,"chi_entropy":2.148744230497352,"chi_diff_max":8.881784197001252e-16,"phi_RS":1.2502552254911752,"converged":false,"chi_diff_mean_abs":2.806397090024701e-16,"_wandb":{"runtime":29273},"_runtime":29273.009153383,"mu_1":-0.21612573339030552,"chi_diff_l2":1.1369626988924099e-15,"m_err_l2_final":0.05810391536679367,"total_time_sec":29272.940831899643,"Z_edge":0.10043075970182333,"iter":9999000,"s":0.7027292797494665,"estimated_n_solutions":6.336236281888392e+305,"elapsed_sec":29270.09564423561,"chi":[0.17488478307298963,0.14589864887240997,0.1458986488721934,0.08065353371908623,0.11165436197416545,0.0743510638982316,0.0806535337193039,0.07435106389855062,0.11165436197306927],"_step":9999000,"total_m_actual":1,"m_err_maxabs":0.047441648219221866,"iters":10000000,"mu_0":-0.9484074624372644,"m_err_maxabs_final":0.047441648235500955,"chi_max":0.17488478307298963,"Z_node":0.00011255876281861026,"sec_since_last_log":2.821970224380493,"_timestamp":1.7719707861373813e+09,"m_actual_0":0.45255835178077813,"mu_2":-0.21612573344413089,"m_actual_1":0.2737208241117253}