{"s":0.4357045981985266,"m_actual_1":0.3333333333333333,"mu_2":0,"Z_edge":0.1111111111111111,"chi":[0.1111111111111111,0.1111111111111111,0.1111111111111111,0.1111111111111111,0.1111111111111111,0.1111111111111111,0.1111111111111111,0.1111111111111111,0.1111111111111111],"m_err_l2":0,"m_err_maxabs_final":0,"iters":0,"phi_RS":0.4357045981985266,"chi_max":0.1111111111111111,"chi_diff_l2":0,"chi_diff_max":0,"_runtime":83.06644085,"estimated_n_solutions":4.004524388550076e+189,"_step":0,"Z_node":8.25032906834908e-287,"elapsed_sec":49.514835596084595,"total_m_actual":1,"m_err_l2_final":0,"chi_diff_mean_abs":0,"m_actual_0":0.3333333333333333,"m_err_maxabs":0,"_wandb":{"runtime":83},"n_solutions_est":4.004524388550076e+189,"total_time_sec":66.26680517196655,"sec_since_last_log":49.51483607292175,"mu_1":0,"converged":true,"_timestamp":1.7718441914082587e+09,"chi_entropy":2.1972245773362196,"m_actual_2":0.3333333333333333,"chi_min":0.1111111111111111,"mu_0":0,"iter":0}