{"sec_since_last_log":0.34660959243774414,"chi_max":0.13216753374898485,"mu_1":0,"chi_diff_mean_abs":9.25185853854297e-18,"total_time_sec":2807.6131341457367,"iter":8257000,"Z_edge":0.11310628931452424,"m_err_maxabs":1.5994705560018474e-11,"chi_diff_max":1.3877787807814457e-17,"_timestamp":1.7720142337702272e+09,"total_m_actual":0.9999999999999998,"chi_entropy":2.18849289501636,"s":0.74615960922468,"Z_node":0.00011607625743958933,"_runtime":2807.679935993,"m_actual_1":0.33333333332533593,"mu_0":0,"chi_diff_l2":3.3993498887762956e-17,"converged":true,"m_actual_0":0.333333333349328,"m_err_l2":1.958945626640997e-11,"m_err_l2_final":1.9592402369646906e-11,"chi_min":0.10058289979235437,"_wandb":{"runtime":2807},"elapsed_sec":2807.524880170822,"iters":8257261,"phi_RS":0.74615960922468,"estimated_n_solutions":Infinity,"mu_2":0,"chi":[0.13216753374898485,0.10058289979939927,0.10058289979939927,0.10058289979235437,0.13216753374139956,0.10058289979235437,0.10058289979235437,0.10058289979235437,0.13216753374139956],"_step":8257000,"m_actual_2":0.33333333332533593,"m_err_maxabs_final":1.599714805067265e-11}