{"total_time_sec":7827.240874290466,"elapsed_sec":7824.765316486359,"Z_node":1.2435064845918497e-07,"_wandb":{"runtime":7827},"chi_diff_l2":7.22427698375294e-11,"m_err_l2":2.9101026137317085e-12,"n_solutions_est":33603.39224735302,"estimated_n_solutions":33603.062996628454,"mu_2":-1.000019503884679,"chi_entropy":2.1972243651427905,"total_m_actual":1.0000000000000258,"chi_max":0.11121575723820011,"mu_0":-0.9999804298932047,"chi_min":0.11105881080010019,"phi_RS":1.5790206948328702,"chi_diff_mean_abs":2.270034777435765e-11,"m_err_l2_final":2.9020449580697887e-12,"converged":false,"m_err_maxabs":2.0702328740185294e-12,"s":0.5790206945783534,"_runtime":7827.315149623,"m_actual_1":0.33333333333333426,"_step":2999000,"m_err_maxabs_final":2.0601298444944405e-12,"chi_diff_max":3.482414356881236e-11,"iter":2999000,"sec_since_last_log":2.4786343574523926,"mu_1":-1.000000066985589,"Z_edge":0.09724152116643581,"m_actual_2":0.3333333333312881,"m_actual_0":0.33333333333540355,"iters":3000000,"_timestamp":1.7709096985999098e+09}