{"m_actual_2":0.333333333325327,"iters":8403576,"Z_node":0.00011607625743959421,"chi_diff_l2":6.206335383118183e-17,"chi_entropy":2.188492895016356,"converged":true,"m_err_maxabs_final":1.601835331044299e-11,"s":0.7461596092246818,"estimated_n_solutions":Infinity,"chi_max":0.13216753374899598,"_timestamp":1.7720143902049942e+09,"mu_0":0,"total_time_sec":2941.059017419815,"sec_since_last_log":0.3336031436920166,"m_actual_0":0.333333333349346,"phi_RS":0.7461596092246818,"chi_diff_max":2.7755575615628914e-17,"_step":8403000,"m_err_l2":1.9611438729024027e-11,"elapsed_sec":2940.8641798496246,"iter":8403000,"Z_edge":0.11310628931452527,"m_actual_1":0.333333333325327,"chi_min":0.10058289979234915,"total_m_actual":1,"mu_1":0,"mu_2":0,"m_err_l2_final":1.961837340279712e-11,"_wandb":{"runtime":2941},"_runtime":2941.128723117,"chi":[0.13216753374899598,0.1005828997994017,0.1005828997994017,0.10058289979234915,0.13216753374140208,0.10058289979234915,0.10058289979234915,0.10058289979234915,0.13216753374140208],"m_err_maxabs":1.60126911730174e-11,"chi_diff_mean_abs":1.5419764230904953e-17}