{"elapsed_sec":2782.1757366657257,"chi_max":0.13216753374899598,"chi21":0.10058289979234915,"chi10":0.10058289979234915,"chi_diff_max":2.7755575615628914e-17,"m_actual_1":0.333333333325327,"_timestamp":1.7720162833661e+09,"s":0.7461596092246818,"chi20":0.10058289979234915,"Z_node":0.00011607625743959421,"_wandb":{"runtime":2782},"chi00":0.13216753374899598,"chi12":0.10058289979234915,"chi":[0.13216753374899598,0.1005828997994017,0.1005828997994017,0.10058289979234915,0.13216753374140208,0.10058289979234915,0.10058289979234915,0.10058289979234915,0.13216753374140208],"phi_RS":0.7461596092246818,"converged":true,"chi_min":0.10058289979234915,"chi01":0.1005828997994017,"chi_entropy":2.188492895016356,"m_err_maxabs_final":1.601835331044299e-11,"m_err_l2":1.9611438729024027e-11,"mu_1":0,"total_time_sec":2782.3737926483154,"chi_diff_l2":6.206335383118183e-17,"mu_2":0,"_runtime":2782.443613606,"sec_since_last_log":0.34310293197631836,"m_err_maxabs":1.60126911730174e-11,"chi11":0.13216753374140208,"iters":8403576,"m_err_l2_final":1.961837340279712e-11,"estimated_n_solutions":Infinity,"m_actual_2":0.333333333325327,"total_m_actual":1,"m_actual_0":0.333333333349346,"_step":8403000,"chi02":0.1005828997994017,"chi_diff_mean_abs":1.5419764230904953e-17,"chi22":0.13216753374140208,"iter":8403000,"mu_0":0,"Z_edge":0.11310628931452527}