{"mu_2":0,"_runtime":1732.384982326,"chi_entropy":1.0986122886681098,"m_actual_1":0,"m_err_maxabs":0.6666666666666667,"elapsed_sec":1732.176075220108,"chi_min":0,"estimated_n_solutions":1,"Z_node":5.080526344176379e-05,"chi_diff_mean_abs":1.2335811384723961e-17,"iter":4653000,"iters":4653363,"m_err_l2":0.816496580927726,"mu_0":0,"chi_max":0.3333333333453421,"converged":true,"sec_since_last_log":0.3761577606201172,"chi_diff_l2":7.850462293418876e-17,"total_time_sec":1732.3054752349854,"n_solutions_est":1,"s":0,"m_err_maxabs_final":0.6666666666666667,"_timestamp":1.7719420236640515e+09,"mu_1":0,"Z_edge":0.11111111111911695,"chi":[0.3333333333453421,0.33333333332732895,0.33333333332732895,0,0,0,0,0,0],"_step":4653000,"m_actual_0":1,"total_m_actual":1,"_wandb":{"runtime":1732},"chi_diff_max":5.551115123125783e-17,"phi_RS":0,"m_err_l2_final":0.816496580927726,"m_actual_2":0}