{"converged":true,"chi":[0.1321675337489765,0.10058289979950033,0.10058289979950033,0.1005828997923578,0.1321675337412919,0.1005828997923578,0.10058289979236032,0.10058289979236032,0.13216753374129467],"sec_since_last_log":5.342507362365723,"m_actual_0":0.33333333334953774,"chi_min":0.1005828997923578,"m_err_maxabs":1.6204426689370166e-11,"m_err_l2":1.984624411388608e-11,"mu_2":0,"elapsed_sec":16282.884280443192,"total_time_sec":16284.683556318283,"_wandb":{"runtime":16284},"phi_RS":0.74615960922468,"Z_node":0.00011607625743952485,"m_err_l2_final":1.984298078753359e-11,"_runtime":16284.744721841,"total_m_actual":1,"chi_entropy":2.1884928950164206,"chi_max":0.1321675337489765,"estimated_n_solutions":Infinity,"iter":3703000,"m_err_maxabs_final":1.6201762154111066e-11,"mu_1":0,"chi_diff_mean_abs":6.1679056923619804e-18,"iters":3703341,"m_actual_1":0.3333333333252268,"Z_edge":0.11310628931451025,"_step":3703000,"mu_0":0,"_timestamp":1.7719577007502506e+09,"chi_diff_l2":2.7755575615628914e-17,"chi_diff_max":1.3877787807814457e-17,"s":0.74615960922468,"m_actual_2":0.3333333333252355}