{"total_time_sec":68.19096040725708,"chi_diff_mean_abs":0,"chi_max":1,"n_solutions_est":0,"m_actual_1":0,"_timestamp":1.771858816220559e+09,"_step":0,"m_actual_2":0,"_runtime":85.919827528,"chi":[1,0,0,0,0,0,0,0,0],"estimated_n_solutions":0,"s":-Infinity,"chi_diff_l2":0,"m_err_maxabs":0.6666666666666667,"chi_diff_max":0,"iters":0,"phi_RS":-Infinity,"m_err_l2":0.816496580927726,"mu_0":0,"total_m_actual":1,"chi_entropy":0,"converged":true,"m_err_l2_final":0.816496580927726,"elapsed_sec":50.92245817184448,"mu_1":0,"chi_min":0,"m_err_maxabs_final":0.6666666666666667,"iter":0,"m_actual_0":1,"Z_edge":1,"mu_2":0,"Z_node":0,"sec_since_last_log":50.92245864868164,"_wandb":{"runtime":85}}