{"m_actual_0":0.33333333333539095,"m_err_maxabs":2.0609625117629093e-12,"m_err_l2_final":2.909002388829471e-12,"_wandb":{"runtime":5987},"_step":2999000,"m_err_l2":2.912297318630604e-12,"_runtime":5987.064109881,"chi_min":0.11105881079987001,"n_solutions_est":33603.39224748517,"m_actual_2":0.33333333333127235,"Z_edge":0.09724152116643633,"m_err_maxabs_final":2.059796777587053e-12,"estimated_n_solutions":33603.062996796725,"sec_since_last_log":2.054762601852417,"total_m_actual":0.9999999999999888,"iter":2999000,"iters":3000000,"Z_node":1.2435064845921523e-07,"chi_max":0.11121575723887324,"mu_2":-1.0000195038904809,"phi_RS":1.5790206948330745,"chi_entropy":2.1972243651427905,"_timestamp":1.7709078358740478e+09,"mu_1":-1.0000000669854887,"chi_diff_mean_abs":2.270033852249911e-11,"elapsed_sec":5984.942558050156,"converged":false,"chi_diff_l2":7.224276678681224e-11,"s":0.5790206945786316,"mu_0":-0.9999804298873929,"m_actual_1":0.33333333333332554,"chi_diff_max":3.4824171324387976e-11,"total_time_sec":5986.990545511246}