{"chi_max":0.11168487635791564,"Z_node":1.2517142396410262e-07,"n_solutions_est":37776.37568685629,"converged":false,"total_m_actual":0.9999999999912041,"m_err_l2_final":8.064941897804427e-11,"Z_edge":0.0972425268292597,"_wandb":{"runtime":6128},"iters":3000000,"phi_RS":1.5855219354173204,"_timestamp":1.7709109651155562e+09,"s":0.5855217610313055,"chi_min":0.11082695782672955,"sec_since_last_log":2.0101895332336426,"elapsed_sec":6125.985793352127,"m_err_maxabs":6.109213135374603e-11,"mu_1":-1.000003903961833,"chi_diff_mean_abs":1.1292498417840117e-10,"iter":2999000,"_step":2999000,"m_actual_0":0.33333333338622,"mu_2":-1.0005097717675042,"estimated_n_solutions":37774.58113130948,"m_actual_2":0.3333333332722412,"chi_entropy":2.197219193291867,"mu_0":-0.9994868474552704,"m_err_maxabs_final":6.086414705563925e-11,"m_actual_1":0.3333333333327429,"_runtime":6128.069404927,"m_err_l2":8.080593799717121e-11,"chi_diff_max":1.9072099455286207e-10,"chi_diff_l2":3.6095041787632383e-10,"total_time_sec":6127.991616010666}