{"_timestamp":1.7718439506367588e+09,"iters":0,"mu_2":0,"m_err_maxabs_final":0,"elapsed_sec":49.32378029823303,"m_err_maxabs":0,"m_actual_0":0.3333333333333333,"m_actual_2":0.3333333333333333,"phi_RS":0.4357045981985266,"Z_edge":0.1111111111111111,"m_err_l2_final":0,"estimated_n_solutions":4.004524388550076e+189,"total_m_actual":1,"m_err_l2":0,"chi":[0.1111111111111111,0.1111111111111111,0.1111111111111111,0.1111111111111111,0.1111111111111111,0.1111111111111111,0.1111111111111111,0.1111111111111111,0.1111111111111111],"_wandb":{"runtime":82},"converged":true,"chi_diff_l2":0,"m_actual_1":0.3333333333333333,"iter":0,"mu_1":0,"mu_0":0,"chi_diff_mean_abs":0,"_runtime":82.913749728,"total_time_sec":66.06459856033325,"s":0.4357045981985266,"sec_since_last_log":49.32378053665161,"_step":0,"n_solutions_est":4.004524388550076e+189,"chi_min":0.1111111111111111,"Z_node":8.25032906834908e-287,"chi_diff_max":0,"chi_entropy":2.1972245773362196,"chi_max":0.1111111111111111}