{"m_actual_2":0.13883277709927153,"m_actual_1":0.13883277709795666,"phi_RS":-0.1764650964795642,"chi_diff_max":5.551115123125783e-17,"m_err_maxabs":0.0776655541972282,"Z_node":9.344601377288966e-05,"chi":[0.271965226128065,0.22801271074409504,0.22801271074409574,0.036037542164768524,0.06970888498217595,0.03025824904468435,0.036037542164878415,0.03025824904477656,0.06970888498246043],"m_err_l2":0.09512048918684074,"mu_0":0.09688045457828105,"sec_since_last_log":3.528414487838745,"chi_max":0.271965226128065,"elapsed_sec":9652.502187490463,"iter":2751000,"total_time_sec":9654.470864772797,"chi_diff_mean_abs":1.5805258336677575e-17,"chi_min":0.03025824904468435,"_runtime":9654.537319991,"_timestamp":1.7719511545810816e+09,"mu_1":1.6700119644388418,"estimated_n_solutions":2.8110013744602944e+155,"chi_entropy":1.8508222354873716,"chi_diff_l2":7.084811160192792e-17,"iters":2751557,"m_err_maxabs_final":0.07766555419737031,"_wandb":{"runtime":9654},"s":0.35721979061373166,"total_m_actual":1,"m_actual_0":0.7223344458027718,"mu_2":1.670011964470966,"_step":2751000,"m_err_l2_final":0.09512048918701478,"converged":true,"Z_edge":0.1323121383652316}