{"m_err_maxabs_final":1.66523739242308e-10,"_wandb":{"runtime":6338},"sec_since_last_log":2.173588991165161,"m_err_l2":2.0631754413434232e-10,"_step":2999000,"estimated_n_solutions":66646.95575743463,"n_solutions_est":66646.67309042918,"chi_max":0.13340665022553874,"Z_edge":0.09069697415457545,"iter":2999000,"mu_2":-1.0046927501782146,"m_err_maxabs":1.6718126882864226e-10,"Z_node":0.00011090599972504522,"m_actual_2":0.3333333334346615,"converged":false,"chi_entropy":2.187794219285849,"m_actual_1":0.33333333316615205,"mu_0":-0.9950856871790604,"s":0.6941977905941545,"total_m_actual":1.000000000000101,"phi_RS":1.6942132107587806,"chi_diff_mean_abs":1.5522639038343142e-10,"_timestamp":1.7709072041703303e+09,"m_err_l2_final":2.0528666573468525e-10,"iters":3000000,"total_time_sec":6338.285014390945,"_runtime":6338.363310546,"chi_diff_l2":5.339043529063614e-10,"elapsed_sec":6336.123087882996,"chi_min":0.09968289567375681,"m_actual_0":0.3333333333992875,"mu_1":-1.0002678231359803,"chi_diff_max":2.624350736724068e-10}