{"phi_RS":1.301171269469556,"Z_node":0.00011346790700672822,"chi_diff_max":5.689893001203927e-16,"mu_1":-0.6993192242349873,"chi_diff_mean_abs":2.6444895656001995e-16,"_wandb":{"runtime":31085},"iters":10000000,"iter":9999000,"mu_2":-0.6993192242103959,"m_err_maxabs":0.023398455040564342,"chi":[0.0979706264407571,0.061571040243628604,0.06157104024387206,0.11672731926458953,0.1491916035872316,0.12352472368402306,0.11672731926467564,0.12352472368362598,0.1491916035875964],"_step":9999000,"converged":false,"chi_min":0.061571040243628604,"sec_since_last_log":3.1008145809173584,"s":0.7156526619431552,"m_actual_0":0.22339845504056435,"m_actual_2":0.3883007724809524,"m_actual_1":0.3883007724784831,"total_m_actual":0.9999999999999999,"chi_entropy":2.1566405040492063,"_runtime":31085.86597663,"total_time_sec":31085.31666612625,"elapsed_sec":31082.201402425766,"m_err_maxabs_final":0.023398455041269667,"estimated_n_solutions":Infinity,"chi_max":0.1491916035875964,"chi_diff_l2":8.92531665122964e-16,"m_err_l2":0.028657137809417935,"_timestamp":1.7719726109956124e+09,"Z_edge":0.0994785007828223,"mu_0":-0.18991276178486094,"m_err_l2_final":0.02865713781028171}