{"elapsed_sec":6891.349296569824,"total_m_actual":0.9999999999999888,"phi_RS":1.5790206948330745,"s":0.5790206945786316,"chi_diff_max":3.4824171324387976e-11,"chi_min":0.11105881079987001,"chi_diff_mean_abs":2.270033852249911e-11,"m_actual_0":0.33333333333539095,"chi_entropy":2.1972243651427905,"_wandb":{"runtime":6893},"mu_1":-1.0000000669854887,"chi_diff_l2":7.224276678681224e-11,"converged":false,"iter":2999000,"m_actual_1":0.33333333333332554,"iters":3000000,"mu_2":-1.0000195038904809,"m_err_maxabs_final":2.059796777587053e-12,"_timestamp":1.7709087597373312e+09,"estimated_n_solutions":33603.062996796725,"m_err_l2":2.912297318630604e-12,"n_solutions_est":33603.39224748517,"total_time_sec":6893.730986595154,"_runtime":6893.803606879,"sec_since_last_log":2.375580310821533,"mu_0":-0.9999804298873929,"m_actual_2":0.33333333333127235,"Z_node":1.2435064845921523e-07,"_step":2999000,"m_err_maxabs":2.0609625117629093e-12,"m_err_l2_final":2.909002388829471e-12,"chi_max":0.11121575723887324,"Z_edge":0.09724152116643633}