{"chi_diff_max":2.7755575615628914e-17,"phi_RS":0.6119267320867792,"iter":9999000,"total_time_sec":3447.552832841873,"m_err_maxabs_final":0.3333333333333333,"sec_since_last_log":0.3516261577606201,"chi_diff_mean_abs":1.850371707708594e-17,"chi_max":0.17752677171716436,"m_err_l2":0.408248290463863,"mu_1":0,"m_actual_1":3.4554783727611132e-43,"mu_2":0,"_wandb":{"runtime":3447},"total_m_actual":1,"s":0.6119267320867792,"Z_edge":0.11502600083082473,"m_actual_2":0.5000000000110573,"Z_node":0.00010948093462478633,"m_err_l2_final":0.408248290463863,"_timestamp":1.7719445873868968e+09,"m_actual_0":0.4999999999889427,"chi":[0.17752677170999995,0.16123661414060336,0.16123661414060336,8.869853477465716e-44,3.805578140324481e-43,1.5781486436016132e-43,0.16123661414581453,0.16123661414581453,0.17752677171716436],"converged":false,"chi_entropy":1.7907089741924629,"elapsed_sec":3447.222239971161,"chi_min":8.869853477465716e-44,"estimated_n_solutions":1.9405099794540145e+266,"m_err_maxabs":0.3333333333333333,"mu_0":0,"_step":9999000,"chi_diff_l2":6.798699777552591e-17,"iters":10000000,"_runtime":3447.623592687}