{"_wandb":{"runtime":33021},"mu_1":0.5533844222882229,"chi01":0.08561235224397469,"chi_diff_max":8.53276866024199e-15,"s":0.41518240635306775,"_timestamp":1.7726882842863622e+09,"chi":[0.09080165495115511,0.08561235224397469,0.36188000361857087,0.46170598918629935],"elapsed_sec":33018.18659043312,"s_final":0.4151824063166488,"chi00":0.09080165495115511,"total_time_sec":33021.792783260345,"m_actual_0":0.1732319290833737,"total_m_actual":1,"Z_edge":0.35800331491410325,"mu_0":2.258591269671584,"_step":9999000,"m_actual_1":0.8267680709166263,"phi_RS":-0.4335982875935528,"converged":false,"chi11":0.46170598918629935,"Z_node":0.01779489067887912,"_runtime":33021.903898291,"chi10":0.36188000361857087,"sec_since_last_log":3.626408815383911,"chi_entropy":1.1529181300850162,"iters":10000000,"iter":9999000}