{"chi22":2.170285998810898e-16,"m_actual_2":2.2860299872907395e-17,"chi01":0.3333333333333332,"iter":7230000,"m_err_maxabs_final":0.6666666666666667,"chi11":2.170285998810898e-16,"_wandb":{"runtime":2460},"elapsed_sec":2460.320178747177,"chi00":0.3333333333333332,"iters":7230515,"_runtime":2460.560353481,"_step":7230000,"total_time_sec":2460.49520111084,"mu_2":0,"_timestamp":1.7720159886450152e+09,"Z_edge":0.11111111111111102,"converged":true,"total_m_actual":1,"chi_entropy":1.0986122886681262,"chi":[0.3333333333333332,0.3333333333333332,0.3333333333333332,7.620099957635653e-18,2.170285998810898e-16,7.620099957635653e-18,7.620099957635653e-18,7.620099957635653e-18,2.170285998810898e-16],"phi_RS":0,"chi20":7.620099957635653e-18,"chi12":7.620099957635653e-18,"m_actual_1":2.2860299872907395e-17,"mu_0":0,"chi_diff_max":1.002381380728039e-21,"m_err_l2":0.816496580927726,"chi10":7.620099957635653e-18,"estimated_n_solutions":1,"Z_node":5.08052634252907e-05,"chi_max":0.3333333333333332,"chi02":0.3333333333333332,"s":0,"chi_min":7.620099957635653e-18,"m_actual_0":1,"chi21":7.620099957635653e-18,"sec_since_last_log":0.3484930992126465,"mu_1":0,"chi_diff_l2":1.4193278406797269e-21,"m_err_l2_final":0.816496580927726,"chi_diff_mean_abs":2.383934860483473e-22,"m_err_maxabs":0.6666666666666667}