{"chi_diff_max":1.3877787807814457e-17,"converged":true,"m_err_maxabs":5.551115123125783e-17,"elapsed_sec":583.0072765350342,"mu_0":0,"chi_diff_l2":3.3993498887762956e-17,"n_solutions_est":Infinity,"sec_since_last_log":0.34604644775390625,"chi":[0.13216753374545984,0.10058289979393677,0.10058289979393677,0.10058289979393677,0.13216753374545984,0.10058289979393677,0.10058289979393677,0.10058289979393677,0.13216753374545984],"_timestamp":1.771940867462763e+09,"total_time_sec":583.1833009719849,"m_actual_2":0.33333333333333337,"Z_node":0.00011607625744093012,"s":0.7461596092246836,"_runtime":583.245919394,"m_actual_0":0.33333333333333337,"chi_entropy":2.1884928950151052,"m_actual_1":0.33333333333333337,"total_m_actual":1,"chi_max":0.13216753374545984,"iters":1678513,"phi_RS":0.7461596092246836,"Z_edge":0.11310628931481453,"mu_1":0,"estimated_n_solutions":Infinity,"m_err_maxabs_final":0,"mu_2":0,"chi_diff_mean_abs":9.25185853854297e-18,"chi_min":0.10058289979393677,"_wandb":{"runtime":583},"m_err_l2":9.614813431917819e-17,"m_err_l2_final":0,"iter":1678000,"_step":1678000}