{"chi_max":0.1111111111111111,"mu_0":0,"m_err_l2_final":0,"chi02":0.1111111111111111,"chi21":0.1111111111111111,"chi11":0.1111111111111111,"chi_entropy":2.1972245773362196,"total_m_actual":1,"chi01":0.1111111111111111,"iters":0,"m_actual_0":0.3333333333333333,"_timestamp":1.7725311155008237e+09,"m_actual_1":0.3333333333333333,"iter":0,"chi12":0.1111111111111111,"chi22":0.1111111111111111,"chi10":0.1111111111111111,"_runtime":0.292718262,"mu_1":0,"estimated_n_solutions":Infinity,"chi00":0.1111111111111111,"converged":true,"_step":0,"_wandb":{"runtime":0},"phi_RS":0.8638139561607403,"chi_min":0.1111111111111111,"chi_diff_l2":0,"total_time_sec":0.18564176559448242,"m_actual_2":0.3333333333333333,"m_err_maxabs_final":0,"elapsed_sec":0.1384732723236084,"chi":[0.1111111111111111,0.1111111111111111,0.1111111111111111,0.1111111111111111,0.1111111111111111,0.1111111111111111,0.1111111111111111,0.1111111111111111,0.1111111111111111],"mu_2":0,"chi_diff_max":0,"sec_since_last_log":0.1384737491607666,"m_err_l2":0,"chi20":0.1111111111111111,"m_err_maxabs":0,"Z_edge":0.1111111111111111,"s":0.8638139561607403,"chi_diff_mean_abs":0,"Z_node":4.602821813166412e-48}