{"chi_max":0.11111111111111112,"estimated_n_solutions":2.162934469913317e+21,"Z_node":1.8546165824523355e-43,"_step":0,"chi_diff_max":1.3877787807814457e-17,"_runtime":0.206804335,"m_err_l2":3.781625296453873e-08,"chi_diff_l2":4.163336342344337e-17,"total_time_sec":0.11592245101928711,"m_actual_0":0.33333331145881856,"m_err_l2_final":3.781625296453873e-08,"n_solutions_est":2.162934469913317e+21,"iter":0,"m_actual_2":0.33333331148981243,"sec_since_last_log":0.08684754371643066,"s":0.481625027484917,"_wandb":{"runtime":0},"iters":0,"total_m_actual":0.9999999345004311,"m_actual_1":0.3333333115518001,"chi_diff_mean_abs":1.3877787807814457e-17,"phi_RS":1.4816248964857834,"elapsed_sec":0.08684730529785156,"_timestamp":1.7713200858715978e+09,"converged":true,"Z_edge":0.10866920821201756,"m_err_maxabs":2.1874514755104713e-08,"mu_0":-0.9999999343750627,"m_err_maxabs_final":2.1874514755104713e-08,"chi_min":0.11111111111111112,"mu_2":-0.999999934469089,"mu_1":-0.9999999346571417,"chi_entropy":2.197224577336219}