{"m_actual_0":1,"m_err_maxabs_final":0.6666666666666667,"_step":7500000,"elapsed_sec":2571.371706008911,"chi_diff_max":1.0034881917006346e-21,"chi_max":0.3333333333333332,"_timestamp":1.7720140309161017e+09,"chi_min":8.032651449822633e-18,"chi_entropy":1.0986122886681264,"_wandb":{"runtime":2571},"Z_edge":0.11111111111111102,"chi_diff_mean_abs":2.394863041322504e-22,"_runtime":2571.705903772,"m_actual_2":2.4097954349468336e-17,"sec_since_last_log":0.3506124019622803,"chi":[0.3333333333333332,0.3333333333333332,0.3333333333333332,8.032651449822633e-18,2.1726823884329806e-16,8.032651449822633e-18,8.032651449822633e-18,8.032651449822633e-18,2.1726823884329806e-16],"mu_1":0,"converged":true,"estimated_n_solutions":1,"iters":7500754,"s":0,"total_time_sec":2571.633227109909,"m_actual_1":2.4097954349468336e-17,"Z_node":5.08052634252907e-05,"iter":7500000,"mu_2":0,"m_err_l2_final":0.816496580927726,"mu_0":0,"phi_RS":0,"m_err_maxabs":0.6666666666666667,"chi_diff_l2":1.4210850671287745e-21,"m_err_l2":0.816496580927726,"total_m_actual":1}