{"chi":[0.1321675337332373,0.1005828997841427,0.1005828997841427,0.10058289979994252,0.1321675337493536,0.10058289979994252,0.10058289979994252,0.10058289979994252,0.1321675337493536],"chi_diff_max":2.7755575615628914e-17,"mu_0":0,"iters":7889619,"Z_edge":0.11310628931453437,"m_actual_0":0.3333333332988566,"Z_node":0.00011607625743963611,"_wandb":{"runtime":2697},"converged":true,"phi_RS":0.74615960922468,"m_err_maxabs_final":3.4426794748299017e-11,"_runtime":2697.674096394,"s":0.74615960922468,"m_actual_2":0.3333333333505717,"_timestamp":1.7720140525330694e+09,"total_time_sec":2697.6095571517944,"m_err_maxabs":3.447669927325592e-11,"chi_max":0.1321675337493536,"chi_diff_l2":3.3993498887762956e-17,"_step":7889000,"sec_since_last_log":0.33664679527282715,"mu_2":0,"estimated_n_solutions":Infinity,"chi_min":0.1005828997841427,"m_err_l2_final":4.2164085631144015e-11,"elapsed_sec":2697.4004344940186,"iter":7889000,"chi_entropy":2.1884928950163163,"total_m_actual":1,"m_err_l2":4.2225183279775066e-11,"chi_diff_mean_abs":6.1679056923619804e-18,"m_actual_1":0.3333333333505717,"mu_1":0}