{"chi_entropy":2.1972243651427945,"phi_RS":1.5790206293316178,"m_err_l2_final":3.784491930842129e-08,"m_actual_2":0.333333311496723,"s":0.5790207600510155,"Z_edge":0.09724152201550863,"chi_diff_max":3.482414356881236e-11,"m_err_maxabs":2.184092684487382e-08,"total_time_sec":6564.117933034897,"converged":false,"m_err_l2":3.780890656650458e-08,"total_m_actual":0.9999999345130661,"sec_since_last_log":2.1641597747802734,"Z_node":1.2435064845740046e-07,"elapsed_sec":6561.954882860184,"mu_1":-1.0000000015616421,"estimated_n_solutions":33603.10259812763,"_runtime":6564.194965254,"_wandb":{"runtime":6564},"chi_max":0.11121575723730893,"mu_0":-0.999980364362614,"chi_diff_l2":7.224278631144564e-11,"n_solutions_est":33603.431886827355,"m_err_maxabs_final":2.1890525947476647e-08,"m_actual_1":0.3333333115239367,"_step":2999000,"chi_min":0.1110588108005705,"mu_2":-1.0000194383783387,"iters":3000000,"_timestamp":1.7709084213792832e+09,"iter":2999000,"chi_diff_mean_abs":2.2700357026216186e-11,"m_actual_0":0.33333331149240647}