{"m_err_maxabs":1.1390732801430659e-08,"converged":false,"total_m_actual":0.9999999997340612,"m_actual_0":0.3333333316408792,"mu_2":-1.0316041755791712,"m_err_l2_final":3.45191741541417e-08,"m_err_l2":1.522822458856933e-08,"Z_node":0.00011119936094569135,"_step":1499000,"_runtime":1180.47187147,"m_err_maxabs_final":2.5874770048783802e-08,"mu_0":-0.971176958298414,"Z_edge":0.09078129892912369,"chi_diff_mean_abs":3.532558258258057e-10,"chi_diff_l2":1.2416841553356467e-09,"_timestamp":1.7708949198533182e+09,"s":0.6920647704702991,"m_actual_2":0.33333332336911586,"estimated_n_solutions":64410.78245639238,"_wandb":{"runtime":1180},"sec_since_last_log":0.6781337261199951,"phi_RS":1.6926729577740716,"total_time_sec":1180.4012706279755,"iters":1500000,"mu_1":-0.9990434296626239,"iter":1499000,"chi_max":0.1360277209310384,"elapsed_sec":1179.7240993976593,"chi_entropy":2.1871621262198797,"m_actual_1":0.3333333447240661,"n_solutions_est":64410.61634589563,"chi_diff_max":5.519145279686555e-10,"chi_min":0.09701136943441444}