{"m_err_l2":1.9907412657081878e-11,"_step":8503000,"chi_diff_max":1.3877787807814457e-17,"chi_min":0.10058289979236636,"m_err_l2_final":1.9920873839260707e-11,"chi_diff_l2":2.7755575615628914e-17,"iters":8503898,"s":0.7461596092246818,"chi_entropy":2.1884928950164406,"iter":8503000,"m_actual_2":0.333333333325215,"Z_edge":0.11310628931450553,"m_actual_0":0.3333333333495877,"chi_max":0.13216753374897097,"mu_2":0,"mu_1":0,"phi_RS":0.7461596092246818,"chi":[0.13216753374897097,0.10058289979951793,0.10058289979951793,0.10058289979236636,0.13216753374125592,0.10058289979236636,0.1005828997923715,0.1005828997923715,0.13216753374126147],"Z_node":0.00011607625743950306,"converged":true,"m_err_maxabs_final":1.6265322422270856e-11,"sec_since_last_log":0.33560633659362793,"_timestamp":1.7720143428470285e+09,"total_m_actual":1,"_runtime":2892.528659042,"total_time_sec":2892.4634823799133,"estimated_n_solutions":Infinity,"m_actual_1":0.33333333332519743,"chi_diff_mean_abs":6.1679056923619804e-18,"_wandb":{"runtime":2892},"m_err_maxabs":1.6254386725478298e-11,"elapsed_sec":2892.1600313186646,"mu_0":0}