{"_timestamp":1.7713206463311086e+09,"chi_diff_max":1.3877787807814457e-17,"Z_edge":0.10866920821201756,"m_actual_0":0.33333331145881856,"mu_1":-0.9999999346571417,"mu_2":-0.999999934469089,"total_time_sec":0.12516331672668457,"chi_diff_mean_abs":1.3877787807814457e-17,"estimated_n_solutions":2.162934469913317e+21,"mu_0":-0.9999999343750627,"Z_node":1.8546165824523355e-43,"s":0.481625027484917,"m_err_l2":3.781625296453873e-08,"iters":0,"sec_since_last_log":0.09616398811340332,"converged":true,"_step":0,"n_solutions_est":2.162934469913317e+21,"m_err_maxabs_final":2.1874514755104713e-08,"m_err_maxabs":2.1874514755104713e-08,"phi_RS":1.4816248964857834,"chi_entropy":2.197224577336219,"chi_max":0.11111111111111112,"m_actual_2":0.33333331148981243,"elapsed_sec":0.09616374969482422,"chi_diff_l2":4.163336342344337e-17,"_wandb":{"runtime":0},"m_err_l2_final":3.781625296453873e-08,"iter":0,"_runtime":0.272068923,"chi_min":0.11111111111111112,"total_m_actual":0.9999999345004311,"m_actual_1":0.3333333115518001}