{"iter":7785000,"iters":7785847,"_timestamp":1.7720138830604157e+09,"Z_edge":0.11310628931451827,"chi":[0.1321675337364679,0.10058289978781987,0.10058289978781987,0.10058289979816762,0.13216753374761095,0.10058289979816762,0.10058289979816762,0.10058289979816762,0.13216753374761095],"m_actual_0":0.3333333333098374,"mu_1":0,"mu_0":0,"m_actual_1":0.33333333334508125,"m_err_maxabs_final":2.346173255673989e-11,"chi_entropy":2.1884928950163856,"estimated_n_solutions":Infinity,"phi_RS":0.7461596092246818,"_wandb":{"runtime":2606},"_step":7785000,"converged":true,"chi_diff_l2":6.798699777552591e-17,"total_m_actual":0.9999999999999998,"mu_2":0,"chi_diff_mean_abs":2.1587669923266933e-17,"m_err_l2":2.8776493951143232e-11,"elapsed_sec":2605.831796169281,"Z_node":0.00011607625743956178,"chi_max":0.13216753374761095,"m_actual_2":0.33333333334508125,"m_err_maxabs":2.3495927425898344e-11,"total_time_sec":2606.1098148822784,"_runtime":2606.174233574,"chi_diff_max":2.7755575615628914e-17,"s":0.7461596092246818,"sec_since_last_log":0.3287811279296875,"m_err_l2_final":2.8734704609986887e-11,"chi_min":0.10058289978781987}