{"chi_diff_mean_abs":6.502239123371568e-22,"Z_edge":0.1111111111172834,"m_actual_1":6.240623732665512e-16,"iters":6130962,"n_solutions_est":1,"total_time_sec":2088.3053586483,"estimated_n_solutions":1,"elapsed_sec":2087.992026090622,"mu_1":0,"_timestamp":1.7719428841407716e+09,"converged":true,"chi_diff_max":1.0044528614505482e-21,"phi_RS":0,"m_err_maxabs_final":0.6666666666666654,"chi_min":2.0802079110329498e-16,"total_m_actual":1,"m_err_l2":0.8164965809277245,"m_actual_0":0.9999999999999988,"chi_entropy":1.0986122886681553,"iter":6130000,"_wandb":{"runtime":2088},"m_actual_2":6.240623732665512e-16,"m_err_l2_final":0.8164965809277245,"_step":6130000,"chi_max":0.33333333334259135,"sec_since_last_log":0.3265848159790039,"Z_node":5.0805263437991045e-05,"chi_diff_l2":2.3896074439533924e-21,"mu_0":0,"s":0,"mu_2":0,"_runtime":2088.373811421,"chi":[0.33333333334259135,0.3333333333287037,0.3333333333287037,2.0802079110329498e-16,2.1747710233777198e-16,2.0802079110329498e-16,2.0802079110329498e-16,2.0802079110329498e-16,2.1747710233777198e-16],"m_err_maxabs":0.6666666666666654}