{"iters":10000000,"elapsed_sec":51583.945544719696,"sec_since_last_log":6.222028017044067,"m_actual_0":0.3347672547769491,"m_actual_2":0.03509515997338438,"total_time_sec":51590.136800289154,"chi_max":0.40844316338370984,"total_m_actual":0.41023433593539893,"m_actual_1":0.04037192118506548,"mu_2":-14.993863413756962,"chi_diff_max":1.7854441258791098e-09,"chi_entropy":1.2126394327603511,"chi_min":0.003637224619206313,"_runtime":51590.219853091,"_timestamp":1.771040563020458e+09,"converged":false,"estimated_n_solutions":1.5576369259264276e-22,"iter":9999000,"m_err_maxabs":0.29823817335994895,"m_err_l2_final":0.4180686397153673,"m_err_maxabs_final":0.2982436534515137,"Z_node":2.4108785622988586e-07,"Z_edge":0.1611211322416354,"chi_diff_mean_abs":7.948096912009959e-10,"m_err_l2":0.4180603463469032,"mu_1":-14.977946510367142,"phi_RS":-1.5461132508338427,"n_solutions_est":1.5576797962813724e-22,"_wandb":{"runtime":51590},"mu_0":-0.3364616957995322,"_step":9999000,"s":-2.7896501202297936,"chi_diff_l2":2.646425428898504e-09}