{"s":0.7461596092246818,"chi_max":0.13216753374899595,"_timestamp":1.7720142535525618e+09,"phi_RS":0.7461596092246818,"m_actual_1":0.3333333333253273,"mu_1":0,"mu_0":0,"elapsed_sec":2823.499323606491,"chi_entropy":2.1884928950163567,"m_err_l2":1.9610804183790022e-11,"chi_diff_mean_abs":3.0839528461809902e-18,"Z_edge":0.11310628931452506,"chi_diff_l2":1.962615573354719e-17,"m_actual_2":0.3333333333253273,"_step":8295000,"sec_since_last_log":0.33249831199645996,"chi":[0.13216753374899595,0.10058289979939891,0.10058289979939891,0.1005828997923513,0.13216753374140053,0.1005828997923513,0.1005828997923513,0.1005828997923513,0.13216753374140053],"iter":8295000,"total_m_actual":1,"Z_node":0.00011607625743959317,"converged":true,"m_actual_0":0.3333333333493455,"mu_2":0,"chi_min":0.1005828997923513,"_wandb":{"runtime":2823},"iters":8295807,"chi_diff_max":1.3877787807814457e-17,"m_err_maxabs":1.601219157265632e-11,"m_err_l2_final":1.961837340279712e-11,"total_time_sec":2823.767585515976,"estimated_n_solutions":Infinity,"_runtime":2823.833899618,"m_err_maxabs_final":1.601835331044299e-11}