{"chi_min":0.10058289978420099,"Z_edge":0.11310628931453329,"m_err_l2_final":4.211957680988492e-11,"chi":[0.13216753373322312,0.10058289978420099,0.10058289978420099,0.10058289979991754,0.13216753374935233,0.10058289979991754,0.10058289979991754,0.10058289979991754,0.13216753374935233],"m_actual_0":0.3333333332988859,"_wandb":{"runtime":2743},"m_err_maxabs":3.4447389385405813e-11,"elapsed_sec":2742.7132534980774,"phi_RS":0.7461596092246818,"_step":7874000,"chi_max":0.13216753374935233,"_timestamp":1.772014094806891e+09,"sec_since_last_log":0.3316531181335449,"m_err_maxabs_final":3.4390490455393774e-11,"m_err_l2":4.21892861449496e-11,"chi_diff_mean_abs":9.25185853854297e-18,"m_actual_1":0.33333333335055704,"converged":true,"iters":7874695,"chi_entropy":2.1884928950163207,"s":0.7461596092246818,"m_actual_2":0.33333333335055704,"mu_1":0,"Z_node":0.00011607625743963114,"total_m_actual":1,"_runtime":2743.01586141,"mu_0":0,"mu_2":0,"iter":7874000,"chi_diff_l2":4.8074067159589095e-17,"chi_diff_max":2.7755575615628914e-17,"total_time_sec":2742.9429450035095,"estimated_n_solutions":Infinity}