{"total_m_actual":1.0000648213683425,"s":-2.7326200919318513,"_step":750000,"Z_node":0.00020854806316350218,"estimated_n_solutions":1.5796926375443364e-18,"chi_diff_max":3.665746266297287e-05,"sec_since_last_log":0.8216321468353271,"iter":750000,"chi_diff_l2":4.073344973644655e-05,"mu_2":-0.46322337979715467,"iters":750523,"n_solutions_est":0,"m_err_maxabs_final":0.3333333333333333,"chi_min":0.0260957426536748,"m_actual_0":0.33340635299464766,"_timestamp":1.770832650888884e+09,"Z_edge":0.07393569501657259,"elapsed_sec":631.6315596103668,"chi_diff_mean_abs":8.483455791932076e-06,"m_actual_2":0.3333335178115108,"phi_RS":1.9428971747907653,"_runtime":632.183598645,"total_time_sec":632.1166803836823,"m_err_l2":7.34994953914704e-05,"mu_1":-1.3165823287968732,"m_err_l2_final":0.47140452079112877,"m_actual_1":0.33332495056218403,"chi_entropy":2.008183366636445,"_wandb":{"runtime":632},"mu_0":-12.244096765638313,"m_err_maxabs":7.301966131434412e-05,"chi_max":0.23631574690173882,"converged":true}