{"_timestamp":1.7724906318133152e+09,"chi10":0.10058289979467515,"_runtime":14888.267741485,"mu_1":0,"Z_node":0.00011607625743960374,"chi_entropy":2.1884928950163465,"m_err_maxabs_final":1.717823413204505e-13,"chi00":0.1321675337440028,"sec_since_last_log":1.3733174800872803,"chi12":0.10058289979467515,"chi11":0.13216753374391532,"_wandb":{"runtime":14888},"chi01":0.10058289979473298,"chi21":0.10058289979467515,"mu_0":0,"m_actual_2":0.33333333333324805,"s":0.7461596092246813,"mu_2":0,"elapsed_sec":14886.833596229553,"chi":[0.1321675337440028,0.10058289979473298,0.10058289979473298,0.10058289979467515,0.13216753374391532,0.10058289979467515,0.10058289979467515,0.10058289979467515,0.13216753374391532],"total_m_actual":1,"chi20":0.10058289979467515,"iters":10000000,"Z_edge":0.11310628931452735,"m_actual_0":0.3333333333335039,"iter":9999000,"chi_diff_max":5.881325132261079e-19,"chi22":0.13216753374391532,"chi02":0.10058289979473298,"converged":false,"_step":9999000,"phi_RS":0.7461596092246813,"m_actual_1":0.33333333333324805,"total_time_sec":14888.203669548035,"m_err_l2_final":2.103895415278612e-13}