{"_wandb":{"runtime":2914},"m_actual_0":0.33333333335499343,"m_actual_2":0.33333333332250326,"Z_node":0.00011607625743964827,"m_actual_1":0.33333333332250326,"chi_max":0.13216753375092222,"iters":8636445,"mu_1":0,"total_time_sec":2914.498155117035,"sec_since_last_log":0.32779932022094727,"mu_0":0,"m_err_l2_final":2.6526033675502557e-11,"s":0.7461596092246818,"m_err_maxabs":2.1660118143529417e-11,"_step":8636000,"m_err_maxabs_final":2.165845280899248e-11,"mu_2":0,"estimated_n_solutions":Infinity,"phi_RS":0.7461596092246818,"_runtime":2914.56435019,"total_m_actual":1,"chi_entropy":2.188492895016305,"chi_diff_l2":6.206335383118183e-17,"chi":[0.13216753375092222,0.10058289980082182,0.10058289980082182,0.10058289979159264,0.13216753374053183,0.10058289979159264,0.10058289979159264,0.10058289979159264,0.13216753374053183],"iter":8636000,"elapsed_sec":2914.352096557617,"chi_min":0.10058289979159264,"_timestamp":1.7720143712243874e+09,"chi_diff_max":2.7755575615628914e-17,"converged":true,"chi_diff_mean_abs":1.5419764230904953e-17,"m_err_l2":2.652811861002356e-11,"Z_edge":0.11310628931453699}