{"mu_2":0,"total_time_sec":1147.4042630195618,"total_m_actual":1,"chi_diff_max":1.3877787807814457e-17,"sec_since_last_log":0.7229306697845459,"m_actual_2":0.3333333333333333,"mu_0":0,"chi_entropy":2.1884928950176055,"elapsed_sec":1146.9256083965302,"m_actual_0":0.3333333333333333,"_runtime":1147.652721942,"chi_min":0.100582899795463,"_step":1557000,"Z_node":0.00011607625743825838,"m_err_l2_final":9.614813431917819e-17,"chi_diff_l2":3.3993498887762956e-17,"chi":[0.1321675337424073,0.100582899795463,0.100582899795463,0.100582899795463,0.1321675337424073,0.100582899795463,0.100582899795463,0.100582899795463,0.1321675337424073],"mu_1":0,"m_actual_1":0.3333333333333333,"s":0.7461596092246818,"m_err_l2":0,"iter":1557000,"Z_edge":0.11310628931423602,"phi_RS":0.7461596092246818,"chi_max":0.1321675337424073,"_timestamp":1.771942380761872e+09,"estimated_n_solutions":Infinity,"converged":true,"iters":1557661,"m_err_maxabs_final":5.551115123125783e-17,"chi_diff_mean_abs":9.25185853854297e-18,"_wandb":{"runtime":1147},"m_err_maxabs":0}