{"s":0.4357045981985266,"chi":[0.1111111111111111,0.1111111111111111,0.1111111111111111,0.1111111111111111,0.1111111111111111,0.1111111111111111,0.1111111111111111,0.1111111111111111,0.1111111111111111],"chi_entropy":2.1972245773362196,"_step":0,"chi_diff_l2":0,"_timestamp":1.7718430080473607e+09,"iter":0,"total_time_sec":66.02278256416321,"m_actual_0":0.3333333333333333,"elapsed_sec":49.39723205566406,"m_actual_1":0.3333333333333333,"n_solutions_est":4.004524388550076e+189,"total_m_actual":1,"chi_max":0.1111111111111111,"converged":true,"m_err_l2_final":0,"chi_diff_max":0,"mu_1":0,"m_err_l2":0,"chi_diff_mean_abs":0,"estimated_n_solutions":4.004524388550076e+189,"_wandb":{"runtime":82},"sec_since_last_log":49.39723253250122,"phi_RS":0.4357045981985266,"chi_min":0.1111111111111111,"Z_edge":0.1111111111111111,"iters":0,"_runtime":82.775891061,"m_err_maxabs":0,"m_err_maxabs_final":0,"m_actual_2":0.3333333333333333,"mu_2":0,"Z_node":8.25032906834908e-287,"mu_0":0}