{"total_m_actual":1,"estimated_n_solutions":Infinity,"m_actual_2":0.33333333333333337,"iter":1678000,"m_err_l2":9.614813431917819e-17,"sec_since_last_log":0.6899905204772949,"converged":true,"mu_2":0,"chi":[0.13216753374545984,0.10058289979393677,0.10058289979393677,0.10058289979393677,0.13216753374545984,0.10058289979393677,0.10058289979393677,0.10058289979393677,0.13216753374545984],"Z_node":0.00011607625744093012,"s":0.7461596092246836,"chi_min":0.10058289979393677,"_step":1678000,"chi_diff_l2":3.3993498887762956e-17,"iters":1678513,"chi_diff_mean_abs":9.25185853854297e-18,"total_time_sec":1188.2587180137634,"elapsed_sec":1187.884979724884,"chi_max":0.13216753374545984,"_wandb":{"runtime":1188},"m_err_l2_final":0,"Z_edge":0.11310628931481453,"m_err_maxabs":5.551115123125783e-17,"m_actual_0":0.33333333333333337,"m_actual_1":0.33333333333333337,"_runtime":1188.327931801,"mu_1":0,"chi_diff_max":1.3877787807814457e-17,"m_err_maxabs_final":0,"_timestamp":1.7719425854167936e+09,"phi_RS":0.7461596092246836,"mu_0":0,"chi_entropy":2.1884928950151052}