{"chi_diff_max":1.0034173813271107e-21,"chi02":0.3333333333333332,"chi_entropy":1.0986122886681264,"Z_node":5.08052634252907e-05,"_runtime":2487.229645633,"Z_edge":0.11111111111111102,"chi_diff_l2":1.4209357159311016e-21,"total_time_sec":2487.1561481952667,"chi21":7.92968813426545e-18,"chi01":0.3333333333333332,"chi12":7.92968813426545e-18,"m_err_maxabs_final":0.6666666666666667,"s":0,"chi10":7.92968813426545e-18,"chi11":2.1725290748101468e-16,"chi_max":0.3333333333333332,"mu_0":0,"chi_diff_mean_abs":2.39259211791399e-22,"chi22":2.1725290748101468e-16,"total_m_actual":1,"m_err_maxabs":0.6666666666666667,"m_actual_1":2.3789064402796786e-17,"chi":[0.3333333333333332,0.3333333333333332,0.3333333333333332,7.92968813426545e-18,2.1725290748101468e-16,7.92968813426545e-18,7.92968813426545e-18,7.92968813426545e-18,2.1725290748101468e-16],"mu_1":0,"mu_2":0,"m_actual_2":2.3789064402796786e-17,"_step":7333000,"_wandb":{"runtime":2487},"m_err_l2_final":0.816496580927726,"sec_since_last_log":0.3339996337890625,"elapsed_sec":2486.9047932624817,"iters":7333739,"chi00":0.3333333333333332,"m_err_l2":0.816496580927726,"m_actual_0":1,"_timestamp":1.772016011088869e+09,"converged":true,"iter":7333000,"chi_min":7.92968813426545e-18,"estimated_n_solutions":1,"phi_RS":0,"chi20":7.92968813426545e-18}