{"m_err_maxabs":0.6666666666666667,"mu_1":0,"phi_RS":0,"converged":true,"chi12":1.7469782855992314e-18,"Z_edge":0.11111111111339017,"iter":7385000,"chi00":0.3333333333367519,"chi_max":0.3333333333367519,"_timestamp":1.7720160017549036e+09,"chi01":0.33333333333162396,"chi21":1.7469782855992314e-18,"chi":[0.3333333333367519,0.33333333333162396,0.33333333333162396,1.7469782855992314e-18,5.60954132782217e-17,1.7469782855992314e-18,1.7469782855992314e-18,1.7469782855992314e-18,5.60954132782217e-17],"iters":7385095,"chi11":5.60954132782217e-17,"estimated_n_solutions":1,"chi_diff_mean_abs":1.8503778237765392e-17,"chi20":1.7469782855992314e-18,"m_actual_2":5.240934856663347e-18,"chi22":5.60954132782217e-17,"chi_min":1.7469782855992314e-18,"_wandb":{"runtime":2463},"elapsed_sec":2463.8696455955505,"chi_diff_l2":9.614813431987771e-17,"m_actual_0":1,"s":0,"chi_entropy":1.098612288668114,"chi02":0.33333333333162396,"mu_2":0,"total_m_actual":1,"m_err_l2":0.816496580927726,"_step":7385000,"total_time_sec":2463.9010689258575,"m_err_l2_final":0.816496580927726,"chi10":1.7469782855992314e-18,"chi_diff_max":5.551115123125783e-17,"mu_0":0,"_runtime":2463.967552707,"m_err_maxabs_final":0.6666666666666667,"Z_node":5.0805263429980275e-05,"m_actual_1":5.240934856663347e-18,"sec_since_last_log":0.32239341735839844}