{"chi_min":0.0877439918125397,"chi_diff_l2":2.0034175430626183e-10,"m_actual_0":0.3333333263194522,"_timestamp":1.7708259696570468e+09,"sec_since_last_log":0.49783825874328613,"mu_2":-1.0525846404433779,"m_actual_2":0.3333333283753269,"Z_edge":0.08850363608180215,"s":0.3536229977636105,"total_time_sec":237.1772472858429,"elapsed_sec":236.84799337387085,"chi_diff_mean_abs":6.008116689345162e-11,"m_err_maxabs":1.2007453586981853e-08,"total_m_actual":1.000000000035566,"chi_max":0.15333468226730831,"estimated_n_solutions":201.20916048811787,"m_err_l2_final":3.9255362812059063e-10,"iters":357660,"m_err_l2":1.4763309172794536e-08,"chi_entropy":2.168233188982136,"_step":357000,"mu_0":-0.9556319030566721,"n_solutions_est":201.20914148973702,"_runtime":237.237140399,"_wandb":{"runtime":237},"phi_RS":1.3551894450041013,"chi_diff_max":1.0356276947121046e-10,"mu_1":-0.9964827980899896,"Z_node":0.0007996780870271505,"iter":357000,"m_err_maxabs_final":3.1519681309433167e-10,"m_actual_1":0.3333333453407869,"converged":true}