{"m_actual_2":0.3333333460826664,"elapsed_sec":55.81582021713257,"Z_edge":0.2479883938530155,"mu_2":193.99403459578429,"_wandb":{"runtime":601},"estimated_n_solutions":Infinity,"chi_diff_mean_abs":1.3516387083652622e-17,"chi":[0.06702077242755101,0.21844211013519169,0.045407487011963565,0.21343736945910594,0.1078815357267266,0.02124514725683885,0.0017954013599750418,0.12099667993232134,0.20377349669032588],"chi_diff_max":2.7755575615628914e-17,"converged":true,"mu_0":306.2615307152673,"total_m_actual":1,"chi_entropy":1.8965788441589566,"_step":0,"m_actual_1":0.33333332678067645,"m_err_l2_final":1.5621241459998e-08,"Z_node":5.235398691320757e-217,"phi_RS":-79.69352231187355,"chi_diff_l2":5.25027070985703e-17,"m_actual_0":0.33333332713665725,"_timestamp":1.771858544461064e+09,"sec_since_last_log":55.815820932388306,"m_err_maxabs":1.2749333089256965e-08,"m_err_maxabs_final":1.2753173073143387e-08,"chi_min":0.0017954013599750418,"mu_1":-62.364125436023485,"s":66.27029196394426,"chi_max":0.21844211013519169,"total_time_sec":581.6639380455017,"iters":9,"iter":0,"_runtime":601.036105086,"m_err_l2":1.5616709012246065e-08,"n_solutions_est":Infinity}