{"iters":0,"m_err_l2":3.781625296453873e-08,"_wandb":{"runtime":0},"mu_1":-0.9999999346571417,"chi_min":0.11111111111111112,"m_err_maxabs":2.1874514755104713e-08,"chi_diff_l2":4.163336342344337e-17,"chi_entropy":2.197224577336219,"Z_edge":0.10866920821201756,"mu_0":-0.9999999343750627,"elapsed_sec":0.07391119003295898,"s":-0.7520811191349066,"m_actual_2":0.33333331148981243,"_step":0,"total_time_sec":0.09847426414489746,"phi_RS":0.24791874986595985,"m_err_l2_final":3.781625296453873e-08,"Z_node":5.400853123762268e-44,"converged":true,"_runtime":0.189815906,"sec_since_last_log":0.07391142845153809,"m_err_maxabs_final":2.1874514755104713e-08,"estimated_n_solutions":4.833732821355358e-34,"chi_diff_mean_abs":1.3877787807814457e-17,"total_m_actual":0.9999999345004311,"iter":0,"chi_max":0.11111111111111112,"mu_2":-0.999999934469089,"n_solutions_est":4.833732821355358e-34,"m_actual_1":0.3333333115518001,"m_actual_0":0.33333331145881856,"chi_diff_max":1.3877787807814457e-17,"_timestamp":1.7713200922330468e+09}