{"total_time_sec":35036.25688481331,"elapsed_sec":35032.43910121918,"converged":false,"Z_edge":0.11308040189089458,"iter":9999000,"chi11":0.581006375985574,"_timestamp":1.7726552592637408e+09,"total_m_actual":1,"chi10":0.3806866441219251,"iters":10000000,"_runtime":35036.697007865,"m_actual_1":0.9748721627281133,"Z_node":0.02666139590473049,"m_actual_0":0.02512783727188676,"chi_entropy":0.8324151403541105,"chi01":0.012666520203049075,"mu_0":-1.0329006927633304,"mu_1":-3.992396746460953,"_wandb":{"runtime":35036},"s_final":0.08622705512729871,"phi_RS":4.004258066344117,"chi00":0.025640459689451854,"chi":[0.025640459689451854,0.012666520203049075,0.3806866441219251,0.581006375985574],"chi_diff_max":1.400005247211504e-14,"sec_since_last_log":3.8243818283081055,"_step":9999000,"s":0.0862270551272689}