{"_step":9999000,"chi_diff_max":1.361358807583126e-14,"chi":[0.12408916824958272,0.055122716221104893,0.37003526434681216,0.45075285118250025],"_wandb":{"runtime":33146},"chi11":0.45075285118250025,"converged":false,"total_m_actual":1,"m_actual_0":0.17265523954107811,"total_time_sec":33145.93501877785,"s_final":0.16678793444062098,"mu_1":-0.36616306919105956,"chi00":0.12408916824958272,"_runtime":33146.069178709,"phi_RS":0.29650260868927913,"chi01":0.055122716221104893,"elapsed_sec":33142.63733005524,"chi_entropy":1.145749244442548,"chi10":0.37003526434681216,"_timestamp":1.772685517636099e+09,"m_actual_1":0.8273447604589219,"mu_0":1.0033198115139688,"iters":10000000,"sec_since_last_log":3.3074660301208496,"Z_edge":0.24818822465184093,"iter":9999000,"Z_node":0.010244801554872314,"s":0.16678793431375194}