{"Z_node":0.0007996780870271505,"n_solutions_est":201.20914148973702,"phi_RS":1.3551894450041013,"m_actual_2":0.3333333283753269,"_runtime":237.526994563,"s":0.3536229977636105,"mu_1":-0.9964827980899896,"m_err_maxabs_final":3.1519681309433167e-10,"total_m_actual":1.000000000035566,"mu_2":-1.0525846404433779,"mu_0":-0.9556319030566721,"_wandb":{"runtime":237},"converged":true,"_timestamp":1.7708257299424522e+09,"chi_entropy":2.168233188982136,"m_actual_0":0.3333333263194522,"Z_edge":0.08850363608180215,"iters":357660,"m_actual_1":0.3333333453407869,"total_time_sec":237.4683220386505,"m_err_l2_final":3.9255362812059063e-10,"m_err_maxabs":1.2007453586981853e-08,"elapsed_sec":237.13807320594788,"iter":357000,"chi_diff_mean_abs":6.008116689345162e-11,"_step":357000,"chi_min":0.0877439918125397,"estimated_n_solutions":201.20916048811787,"chi_diff_l2":2.0034175430626183e-10,"m_err_l2":1.4763309172794536e-08,"chi_max":0.15333468226730831,"chi_diff_max":1.0356276947121046e-10,"sec_since_last_log":0.4984734058380127}