{"m_actual_2":0.44068530959828633,"chi_diff_max":1.5265566588595902e-16,"_step":9999000,"s":0.6502926101911088,"_wandb":{"runtime":31574},"chi_diff_mean_abs":7.555684473143427e-17,"mu_1":-0.7415936677116165,"m_err_l2_final":0.022816238596533,"chi_diff_l2":2.5626980138831173e-16,"mu_2":-0.7415936677118362,"sec_since_last_log":3.086775541305542,"m_actual_1":0.44068530959755436,"phi_RS":1.3122229485820238,"total_m_actual":0.9999999999999999,"m_err_l2":0.02281623859709496,"_timestamp":1.7719731081712246e+09,"chi":[0.06699332004150689,0.029892120370544797,0.029892120370618357,0.13183760324546437,0.16272271362772767,0.1420509027361039,0.1318376032448865,0.14205090273513066,0.16272271362801685],"Z_edge":0.09795951214141685,"mu_0":-0.07006247720231548,"m_err_maxabs_final":0.018629380803700413,"iter":9999000,"m_actual_0":0.11862938080415922,"elapsed_sec":31571.719992637634,"iters":10000000,"m_err_maxabs":0.018629380804159212,"total_time_sec":31574.802342414856,"chi_entropy":2.070558948464481,"chi_max":0.16272271362801685,"estimated_n_solutions":9.623414960365375e+282,"chi_min":0.029892120370544797,"_runtime":31574.872786763,"Z_node":0.00010705351874809509,"converged":false}