{"m_actual_0":0.33340635299464766,"Z_edge":0.07393569501657259,"estimated_n_solutions":1.5796926375443364e-18,"mu_2":-0.46322337979715467,"chi_min":0.0260957426536748,"chi_entropy":2.008183366636445,"m_actual_1":0.33332495056218403,"m_err_maxabs":7.301966131434412e-05,"mu_0":-12.244096765638313,"chi_diff_l2":4.073344973644655e-05,"Z_node":0.00020854806316350218,"chi_diff_mean_abs":8.483455791932076e-06,"m_err_l2_final":0.47140452079112877,"_step":750000,"_wandb":{"runtime":661},"total_m_actual":1.0000648213683425,"converged":true,"phi_RS":1.9428971747907653,"mu_1":-1.3165823287968732,"chi_diff_max":3.665746266297287e-05,"m_err_maxabs_final":0.3333333333333333,"m_err_l2":7.34994953914704e-05,"_runtime":661.25869912,"chi_max":0.23631574690173882,"sec_since_last_log":0.8629677295684814,"s":-2.7326200919318513,"m_actual_2":0.3333335178115108,"_timestamp":1.7708287059658175e+09,"total_time_sec":661.1964156627655,"iter":750000,"iters":750523,"n_solutions_est":0,"elapsed_sec":660.6930408477783}