{"chi_max":0.3333333333333332,"mu_1":0,"mu_0":0,"estimated_n_solutions":1,"iters":7500754,"m_err_l2_final":0.816496580927726,"total_time_sec":2603.2022931575775,"chi_diff_max":1.0034881917006346e-21,"m_actual_2":2.4097954349468336e-17,"iter":7500000,"sec_since_last_log":0.36186766624450684,"phi_RS":0,"s":0,"m_actual_1":2.4097954349468336e-17,"chi11":2.1726823884329806e-16,"chi10":8.032651449822633e-18,"_timestamp":1.7720161218317692e+09,"Z_edge":0.11111111111111102,"m_err_l2":0.816496580927726,"_runtime":2603.273628739,"chi21":8.032651449822633e-18,"elapsed_sec":2602.9437007904053,"chi20":8.032651449822633e-18,"chi12":8.032651449822633e-18,"chi_entropy":1.0986122886681264,"chi_min":8.032651449822633e-18,"_step":7500000,"m_err_maxabs":0.6666666666666667,"chi_diff_l2":1.4210850671287745e-21,"total_m_actual":1,"converged":true,"m_actual_0":1,"chi01":0.3333333333333332,"chi22":2.1726823884329806e-16,"chi":[0.3333333333333332,0.3333333333333332,0.3333333333333332,8.032651449822633e-18,2.1726823884329806e-16,8.032651449822633e-18,8.032651449822633e-18,8.032651449822633e-18,2.1726823884329806e-16],"chi02":0.3333333333333332,"m_err_maxabs_final":0.6666666666666667,"chi00":0.3333333333333332,"chi_diff_mean_abs":2.394863041322504e-22,"_wandb":{"runtime":2603},"Z_node":5.08052634252907e-05,"mu_2":0}