{"m_actual_0":0.3333334796423147,"estimated_n_solutions":1.7247796706628363e+09,"chi_diff_mean_abs":4.086196180801909e-08,"mu_2":-1.7980641629171956,"m_err_l2":3.442497871711113e-07,"elapsed_sec":7875.746022224426,"m_actual_2":0.33333311084522727,"n_solutions_est":1.7153104882145948e+09,"_wandb":{"runtime":7878},"_runtime":7878.472127438,"sec_since_last_log":2.6685190200805664,"_timestamp":1.770983510405119e+09,"s":1.1815758417844415,"iter":2999000,"total_m_actual":0.9999997056451648,"_step":2999000,"chi_max":0.2191787801854235,"total_time_sec":7878.388387918472,"chi_entropy":2.1284949371884503,"Z_node":6.486672304099465e-07,"chi_min":0.07969811434686383,"mu_0":-0.5548359827889123,"Z_edge":0.1074019495524653,"chi_diff_l2":1.4333036709628227e-07,"m_err_maxabs":2.2248810604974523e-07,"phi_RS":2.4854810923201214,"mu_1":-1.5588175828005408,"iters":3000000,"chi_diff_max":1.104930830997386e-07,"m_err_maxabs_final":2.2289410300802004e-07,"m_err_l2_final":3.4482316768396395e-07,"m_actual_1":0.33333311515762293,"converged":false}