{"phi_RS":-0.5505048454390358,"converged":false,"chi00":0.10911002635818028,"total_time_sec":32634.952575206757,"m_actual_1":0.8212671579438051,"_runtime":32635.29117017,"chi11":0.45675686247818564,"sec_since_last_log":3.2179601192474365,"chi":[0.10911002635818028,0.07362563492794992,0.36050747623568413,0.45675686247818564],"mu_0":2.2359933398017287,"chi10":0.36050747623568413,"_step":9999000,"chi01":0.07362563492794992,"s":0.3266157584524638,"elapsed_sec":32631.740387678146,"m_actual_0":0.17873284205619483,"mu_1":0.581388351928575,"total_m_actual":1,"iter":9999000,"Z_node":0.014375424112433133,"_timestamp":1.7726888503957372e+09,"Z_edge":0.34826900385499204,"chi_entropy":1.159515557829707,"chi_diff_max":2.5958405764145853e-19,"s_final":0.3266157584524638,"iters":10000000,"_wandb":{"runtime":32635}}