{"_step":0,"chi_min":0.11111111111111112,"chi_diff_l2":4.163336342344337e-17,"mu_1":-0.9999999346571417,"sec_since_last_log":0.10318708419799805,"phi_RS":1.9843508305941242,"iter":0,"m_actual_1":0.3333333115518001,"total_m_actual":0.9999999345004311,"Z_node":3.0660923930276225e-43,"Z_edge":0.10866920821201756,"chi_diff_mean_abs":1.3877787807814457e-17,"estimated_n_solutions":4.0254595721485066e+43,"m_actual_2":0.33333331148981243,"chi_entropy":2.197224577336219,"m_actual_0":0.33333331145881856,"elapsed_sec":0.10318684577941895,"_wandb":{"runtime":0},"m_err_l2":3.781625296453873e-08,"converged":true,"mu_2":-0.999999934469089,"total_time_sec":0.13730096817016602,"_timestamp":1.771320098165392e+09,"m_err_l2_final":3.781625296453873e-08,"iters":0,"chi_max":0.11111111111111112,"mu_0":-0.9999999343750627,"m_err_maxabs_final":2.1874514755104713e-08,"n_solutions_est":4.0254595721485066e+43,"s":0.9843509615932577,"chi_diff_max":1.3877787807814457e-17,"_runtime":0.237603435,"m_err_maxabs":2.1874514755104713e-08}