{"_step":9999000,"chi01":0.1111111111110862,"chi":[0.11111111111116094,0.1111111111110862,0.1111111111110862,0.1111111111110862,0.11111111111116094,0.1111111111110862,0.1111111111110862,0.1111111111110862,0.11111111111116094],"m_actual_0":0.3333333333333333,"chi12":0.1111111111110862,"Z_edge":0.1111111111111111,"iters":10000000,"chi00":0.11111111111116094,"_runtime":36130.94092767,"converged":false,"chi22":0.11111111111116094,"chi20":0.1111111111110862,"iter":9999000,"m_actual_2":0.3333333333333333,"chi11":0.11111111111116094,"m_actual_1":0.3333333333333333,"mu_0":0,"m_err_maxabs_final":1e-80,"total_time_sec":36130.59659028053,"chi10":0.1111111111110862,"s":0.7459095968655997,"_timestamp":1.7725974713835292e+09,"chi_diff_max":4.982481757005264e-21,"mu_2":0,"m_err_l2_final":1.7320508075688773e-80,"mu_1":0,"chi_entropy":2.1972245773362196,"elapsed_sec":36126.97332525253,"chi21":0.1111111111110862,"total_m_actual":1,"sec_since_last_log":3.607118844985962,"phi_RS":0.7459095968655997,"_wandb":{"runtime":36130},"Z_node":6.046712605937567e-10,"chi02":0.1111111111110862}