{"n_solutions_est":201.20914148973702,"total_time_sec":239.00102138519287,"total_m_actual":1.000000000035566,"elapsed_sec":238.66886258125305,"m_err_l2_final":3.9255362812059063e-10,"Z_edge":0.08850363608180215,"chi_max":0.15333468226730831,"chi_diff_max":1.0356276947121046e-10,"mu_2":-1.0525846404433779,"mu_0":-0.9556319030566721,"m_actual_0":0.3333333263194522,"chi_entropy":2.168233188982136,"iters":357660,"iter":357000,"chi_min":0.0877439918125397,"_wandb":{"runtime":239},"m_actual_2":0.3333333283753269,"chi_diff_l2":2.0034175430626183e-10,"m_err_maxabs_final":3.1519681309433167e-10,"_step":357000,"phi_RS":1.3551894450041013,"mu_1":-0.9964827980899896,"Z_node":0.0007996780870271505,"s":0.3536229977636105,"m_err_maxabs":1.2007453586981853e-08,"_runtime":239.061748802,"estimated_n_solutions":201.20916048811787,"chi_diff_mean_abs":6.008116689345162e-11,"_timestamp":1.7708264511210942e+09,"m_actual_1":0.3333333453407869,"converged":true,"m_err_l2":1.4763309172794536e-08,"sec_since_last_log":0.5034093856811523}