{"_wandb":{"runtime":14755},"iter":9999000,"s":-2.7702984544915803,"m_actual_2":0.03434828188630483,"sec_since_last_log":1.2603983879089355,"total_time_sec":14755.019520282745,"m_err_l2":0.420162573972602,"phi_RS":-1.5712091840506623,"mu_1":-14.985454924046602,"m_actual_1":0.03813405494649551,"n_solutions_est":2.2065175552866976e-22,"_timestamp":1.7710016738095253e+09,"chi_entropy":1.2079937790736752,"m_err_maxabs_final":0.29899039208511524,"_step":9999000,"mu_0":-0.3363430164050711,"estimated_n_solutions":2.206703703096523e-22,"m_err_l2_final":0.42017051497402486,"m_err_maxabs":0.29898505144702847,"chi_diff_mean_abs":7.622396809512285e-10,"total_m_actual":0.4071990061304606,"mu_2":-14.995029343281912,"Z_edge":0.16167099052239745,"elapsed_sec":14753.772743225098,"chi_diff_l2":2.5277260702126193e-09,"_runtime":14755.087957936,"chi_min":0.0035754839955134915,"converged":false,"chi_diff_max":1.6946759551217383e-09,"m_actual_0":0.33471666929766025,"iters":10000000,"Z_node":2.4119775715429757e-07,"chi_max":0.4092180888525384}