{"phi_RS":-1.7763568394002505e-15,"chi_diff_mean_abs":2.3049187974406364e-22,"mu_2":0,"_step":6846000,"m_err_maxabs":0.6666666666666667,"total_m_actual":1,"m_actual_2":1.1714164819627779e-17,"Z_node":5.0805263433140304e-05,"_wandb":{"runtime":2398},"s":-1.7763568394002505e-15,"m_err_l2":0.816496580927726,"chi_diff_l2":1.416291204939506e-21,"_runtime":2398.74645581,"estimated_n_solutions":0.9999999999982201,"m_actual_0":1,"total_time_sec":2398.6761853694916,"Z_edge":0.11111111111492594,"mu_0":0,"chi_diff_max":1.0011442934198583e-21,"elapsed_sec":2398.590081691742,"m_actual_1":1.1714164819627779e-17,"chi_min":3.904721606710033e-18,"m_err_l2_final":0.816496580927726,"chi":[0.33333333333905557,0.333333333330472,0.333333333330472,3.904721606710033e-18,2.1676075436919333e-16,3.904721606710033e-18,3.904721606710033e-18,3.904721606710033e-18,2.1676075436919333e-16],"chi_entropy":1.098612288668126,"iters":6846248,"m_err_maxabs_final":0.6666666666666667,"_timestamp":1.7719493726669734e+09,"converged":true,"iter":6846000,"chi_max":0.33333333333905557,"sec_since_last_log":0.3444983959197998,"mu_1":0}