{"_step":7787000,"iters":7787250,"m_actual_2":0.33333333334136545,"_runtime":2696.821086977,"m_err_l2":1.997041149169385e-11,"chi_max":0.13216753374654513,"Z_node":0.00011607625743959727,"iter":7787000,"chi_min":0.10058289978989611,"_timestamp":1.7720139672654123e+09,"mu_2":0,"m_actual_0":0.33333333331702814,"m_err_maxabs":1.63051794288549e-11,"chi_diff_l2":3.3993498887762956e-17,"sec_since_last_log":0.34256410598754883,"phi_RS":0.7461596092246818,"chi_diff_max":2.7755575615628914e-17,"s":0.7461596092246818,"chi_diff_mean_abs":6.1679056923619804e-18,"m_actual_1":0.33333333334160636,"_wandb":{"runtime":2696},"estimated_n_solutions":Infinity,"converged":true,"elapsed_sec":2696.666528940201,"total_time_sec":2696.7531263828278,"m_err_l2_final":1.9971304358820804e-11,"mu_0":0,"mu_1":0,"total_m_actual":1,"Z_edge":0.11310628931452596,"m_err_maxabs_final":1.6305901073820905e-11,"chi_entropy":2.1884928950163527,"chi":[0.13216753373878748,0.10058289978989611,0.10058289978989611,0.1005828997971471,0.13216753374654513,0.1005828997971471,0.10058289979705125,0.10058289979705125,0.13216753374647852]}