{"total_time_sec":28546.001127004623,"sec_since_last_log":5.345183849334717,"chi_diff_mean_abs":4.562817695048639e-09,"chi_diff_l2":1.467854704365467e-08,"total_m_actual":0.5106925756637857,"_runtime":28546.125247997,"m_err_maxabs":0.24742583308313576,"elapsed_sec":28540.66146016121,"iter":9999000,"estimated_n_solutions":1.3526015211106977e-25,"chi_max":0.40034346801400283,"Z_edge":0.1567810997206416,"m_err_maxabs_final":0.24745753744207472,"mu_1":-14.9387523471637,"chi_entropy":1.3351525220172875,"chi_diff_max":8.033056442258157e-09,"n_solutions_est":1.3639059611653124e-25,"s":-3.1812554185616815,"m_actual_0":0.33615513845548783,"_wandb":{"runtime":28546},"m_err_l2_final":0.3480500857733478,"m_err_l2":0.34800468051249767,"chi_min":0.008818802532016048,"_timestamp":1.771017562502516e+09,"iters":10000000,"Z_node":5.835596124137431e-07,"mu_2":-14.964536237696782,"_step":9999000,"mu_0":-0.34012563819488534,"m_actual_1":0.08862993695810029,"m_actual_2":0.08590750025019755,"converged":false,"phi_RS":-0.45733385821620054}