{"total_time_sec":1419.4794402122498,"m_actual_1":0.3333333316475575,"iters":1929096,"mu_0":-0.9713174550225869,"chi_max":0.13601483280442625,"chi_min":0.09703200245475542,"m_err_l2_final":3.7361541090879776e-08,"chi_entropy":2.187164981748429,"m_err_l2":6.965458654212634e-09,"m_err_maxabs":5.429524552180709e-09,"_runtime":1419.553667284,"_step":1929000,"chi_diff_mean_abs":5.939609144029528e-11,"m_err_maxabs_final":2.911370750036113e-08,"Z_edge":0.0907812007131668,"m_actual_0":0.33333333876285787,"sec_since_last_log":0.6496343612670898,"chi_diff_l2":2.1083055368210935e-10,"m_actual_2":0.33333332930890325,"phi_RS":1.6926784991999213,"s":0.6920830851923554,"mu_1":-0.9993551817701412,"mu_2":-1.0311136069115943,"n_solutions_est":64429.65953090193,"_timestamp":1.7709001750073383e+09,"total_m_actual":0.9999999997193186,"chi_diff_max":1.0003453621010294e-10,"elapsed_sec":1419.4167068004608,"_wandb":{"runtime":1419},"iter":1929000,"Z_node":0.00011119943577060928,"estimated_n_solutions":64429.659871384014,"converged":true}