{"phi_RS":0,"chi_max":0.3333333333435463,"mu_1":0,"_wandb":{"runtime":2117},"iter":6116000,"total_m_actual":1,"sec_since_last_log":0.33779430389404297,"chi_diff_l2":1.4176727916638538e-21,"chi_diff_max":1.0024460254633354e-21,"elapsed_sec":2117.0429480075836,"mu_0":0,"chi_entropy":1.098612288668125,"estimated_n_solutions":1,"s":0,"m_err_l2":0.816496580927726,"converged":true,"_timestamp":1.771949009128798e+09,"total_time_sec":2117.222161769867,"_step":6116000,"Z_edge":0.11111111111791977,"iters":6116529,"_runtime":2117.292496489,"m_actual_1":8.970313999183163e-20,"mu_2":0,"m_err_l2_final":0.816496580927726,"m_err_maxabs_final":0.6666666666666667,"m_actual_0":1,"chi_min":2.990104666609292e-20,"chi_diff_mean_abs":2.2282716244853614e-22,"m_actual_2":8.970313999183163e-20,"chi":[0.3333333333435463,0.3333333333282266,0.3333333333282266,2.990104666609292e-20,2.1704259625736542e-16,2.990104666609292e-20,2.990104666609292e-20,2.990104666609292e-20,2.1704259625736542e-16],"Z_node":5.0805263439300436e-05,"m_err_maxabs":0.6666666666666667}