{"_timestamp":1.7709042860644748e+09,"D":15,"_wandb":{"runtime":39},"n_solutions":5196,"fraction":0.0018175102208715654,"N":18,"_runtime":39,"H":5,"_step":0,"total_partitions":2858856}