{"_wandb":{"runtime":216},"total_time_sec":215.78800654411316,"iter":411000,"elapsed_sec":215.62209630012512,"m_actual_1":0.5,"_step":411000,"chi10":0.21712192427544347,"chi_diff_max":1.0279334932015225e-21,"_timestamp":1.772619319308109e+09,"Z_edge":0.2543238714533987,"s":0.34723261097870406,"chi01":0.21712192427544347,"chi11":0.28287807572455653,"converged":true,"chi":[0.28287807572455653,0.21712192427544347,0.21712192427544347,0.28287807572455653],"chi00":0.28287807572455653,"m_err_maxabs_final":0,"mu_0":0,"Z_node":0.0015056944062714261,"phi_RS":0.34723261097870406,"mu_1":0,"iters":411318,"_runtime":216.210209501,"m_err_l2_final":0,"sec_since_last_log":0.524268388748169,"total_m_actual":1,"m_actual_0":0.5,"chi_entropy":1.3776215163231922}