{"chi_entropy":1.99706675853641,"iter":0,"m_err_l2":0.09907250896451984,"chi_diff_max":2.7755575615628914e-17,"elapsed_sec":55.62876319885254,"chi":[0.173916221552827,0.164451490616728,0.15720319197850702,0.00806273891682702,0.12920147924010147,0.19591526238224985,0.03896857593005553,0.08064133340255776,0.05163970598014646],"m_err_maxabs":0.07745987009917726,"converged":true,"mu_1":0,"m_actual_1":0.3518727406675212,"_runtime":314.809287257,"chi_diff_l2":6.657813558240233e-17,"sec_since_last_log":55.628763914108276,"n_solutions_est":Infinity,"estimated_n_solutions":Infinity,"chi_min":0.00806273891682702,"s":112.7590416478107,"_timestamp":1.7718586229000509e+09,"mu_0":0,"phi_RS":112.7590416478107,"total_m_actual":1,"Z_edge":0.09610809748836603,"chi_max":0.19591526238224985,"_step":0,"total_time_sec":295.79698848724365,"_wandb":{"runtime":314},"mu_2":0,"Z_node":6.2896089592872876e-257,"chi_diff_mean_abs":2.0238440553062748e-17,"m_actual_0":0.3922537960983228,"m_actual_2":0.25587346323415605,"m_err_maxabs_final":0.07745987009917726,"m_err_l2_final":0.09907250896451975,"iters":4}