{"chi21":0.1031113853287309,"_wandb":{"runtime":887},"m_actual_1":0.3333333333333333,"chi10":0.1031113853287309,"total_m_actual":1,"phi_RS":0.8247947312662927,"_runtime":887.978189,"mu_1":0,"mu_2":0,"s":0.8247947312662927,"Z_edge":0.11226303213779013,"m_actual_0":0.3333333333333333,"_timestamp":1.772739657655349e+09,"m_actual_2":0.3333333333333333,"iter":4413000,"iters":4413735,"chi22":0.12711056267587154,"chi00":0.12711056267587154,"chi_diff_max":2.7755575615628914e-17,"chi_diff_mean_abs":9.25185853854297e-18,"Z_node":4.068062723640219e-05,"elapsed_sec":2672.0658848285675,"chi02":0.1031113853287309,"converged":true,"mu_0":0,"chi12":0.1031113853287309,"sec_since_last_log":0.19628691673278809,"_step":4413000,"total_time_sec":2672.212869167328,"chi20":0.1031113853287309,"chi11":0.12711056267587154,"chi01":0.1031113853287309}