{"m_err_maxabs":1.5945800235783736e-11,"_runtime":2702.311171185,"total_m_actual":1.0000000000000002,"iters":8169179,"mu_0":0,"converged":true,"m_actual_0":0.3333333333492791,"mu_1":0,"m_err_maxabs_final":1.594724352571575e-11,"Z_node":0.00011607625743958382,"m_actual_2":0.3333333333253605,"chi":[0.13216753374896545,0.10058289979938155,0.10058289979938155,0.10058289979236808,0.13216753374139964,0.10058289979236808,0.10058289979236808,0.10058289979236808,0.13216753374139964],"m_actual_1":0.3333333333253605,"_wandb":{"runtime":2702},"chi_diff_mean_abs":1.5419764230904953e-17,"estimated_n_solutions":Infinity,"phi_RS":0.74615960922468,"chi_min":0.10058289979236808,"chi_max":0.13216753374896545,"s":0.74615960922468,"total_time_sec":2702.242503643036,"sec_since_last_log":0.32228899002075195,"iter":8169000,"elapsed_sec":2702.1838788986206,"Z_edge":0.11310628931452302,"_step":8169000,"chi_diff_l2":6.206335383118183e-17,"mu_2":0,"_timestamp":1.7720140623155234e+09,"chi_diff_max":2.7755575615628914e-17,"chi_entropy":2.188492895016365,"m_err_l2_final":1.9531304720953086e-11,"m_err_l2":1.952944641010132e-11}