{"m_err_l2_final":3.1647909899039334e-10,"mu_2":-1.0311130148141656,"m_actual_1":0.33333333325016445,"_runtime":4011.474915933,"_step":1928000,"Z_node":0.00011119943533526724,"_wandb":{"runtime":4011},"n_solutions_est":64429.65876511975,"total_m_actual":0.9999999999873359,"m_err_l2":3.1690655287829543e-10,"iter":1928000,"m_actual_2":0.33333333315524655,"chi_max":0.13601475157946832,"iters":1928994,"Z_edge":0.09078120034917267,"mu_0":-0.9713182996840748,"chi_diff_l2":2.1266473514106104e-10,"mu_1":-0.9993548438284017,"chi_entropy":2.1871649878629724,"sec_since_last_log":2.0854904651641846,"chi_diff_max":1.0039517828186462e-10,"s":0.6920831272444463,"chi_diff_mean_abs":6.003454061037022e-11,"m_err_maxabs_final":2.467061555044836e-10,"_timestamp":1.7709040911682227e+09,"converged":true,"total_time_sec":4011.398406982422,"estimated_n_solutions":64429.70322182924,"chi_min":0.09703200135228385,"m_err_maxabs":2.485916472672045e-10,"phi_RS":1.6926785133280458,"m_actual_0":0.33333333358192496,"elapsed_sec":4009.3221089839935}