{"chi":[0.1321675337489765,0.10058289979950033,0.10058289979950033,0.1005828997923578,0.1321675337412919,0.1005828997923578,0.10058289979236032,0.10058289979236032,0.13216753374129467],"chi_diff_l2":2.7755575615628914e-17,"_timestamp":1.7719558099473968e+09,"chi_min":0.1005828997923578,"_step":3703000,"mu_1":0,"converged":true,"_wandb":{"runtime":14528},"elapsed_sec":14526.899857282639,"m_actual_2":0.3333333333252355,"phi_RS":0.74615960922468,"m_err_maxabs":1.6204426689370166e-11,"iter":3703000,"sec_since_last_log":4.437492847442627,"estimated_n_solutions":Infinity,"m_actual_0":0.33333333334953774,"total_time_sec":14528.392154932022,"iters":3703341,"chi_diff_mean_abs":6.1679056923619804e-18,"total_m_actual":1,"chi_diff_max":1.3877787807814457e-17,"Z_edge":0.11310628931451025,"mu_0":0,"m_err_l2":1.984624411388608e-11,"chi_max":0.1321675337489765,"s":0.74615960922468,"m_actual_1":0.3333333333252268,"chi_entropy":2.1884928950164206,"m_err_l2_final":1.984298078753359e-11,"Z_node":0.00011607625743952485,"m_err_maxabs_final":1.6201762154111066e-11,"mu_2":0,"_runtime":14528.504147434}