{"chi":[0.44996972089921083,0.06589359178640226,0.06589359184941271,1.5857318837753651e-06,0.2091166081129446,3.353890332551236e-06,1.5857318910866962e-06,3.353890347620437e-06,0.20911660810757457],"m_actual_0":0.9146672736414588,"chi11":0.2091166081129446,"mu_1":7.535901116072246,"total_m_actual":1,"m_actual_2":0.04266636317707666,"m_err_maxabs_final":0.5813348677736646,"s":-2.1994974967065892,"elapsed_sec":75313.12399435043,"_timestamp":1.7726921689778078e+09,"Z_edge":2.1775778300537896,"chi21":3.353890347620437e-06,"_runtime":75320.789544772,"chi12":3.353890332551236e-06,"chi_entropy":1.3723627195951158,"mu_0":22.86167747828295,"iter":9999000,"m_err_l2_final":0.7119868978669033,"chi20":1.5857318910866962e-06,"_step":9999000,"chi01":0.06589359178640226,"m_actual_1":0.04266636318146447,"chi_diff_max":4.762450429505581e-10,"iters":10000000,"chi22":0.20911660810757457,"chi02":0.06589359184941271,"phi_RS":-23.753384694418838,"converged":false,"sec_since_last_log":7.54676628112793,"mu_2":7.535901115557148,"Z_node":1.1581717405866913e-07,"total_time_sec":75320.66107559204,"chi00":0.44996972089921083,"chi10":1.5857318837753651e-06,"_wandb":{"runtime":75320}}