{"phi_RS":-1.5712027153370247,"chi_diff_l2":2.526838975440744e-09,"_wandb":{"runtime":47835},"Z_node":2.41196447853813e-07,"mu_2":-14.995837360183126,"converged":false,"chi_diff_mean_abs":7.622827174650102e-10,"chi_min":0.0035754785491587497,"iter":9999000,"mu_1":-14.987919713674696,"mu_0":-0.33634282314638353,"_runtime":47835.971566868,"elapsed_sec":47830.14349603653,"total_m_actual":0.4071989488551699,"Z_edge":0.16167073406808727,"chi_max":0.4092179819207066,"m_err_l2_final":0.42017054877552146,"sec_since_last_log":5.733078718185425,"m_err_maxabs":0.29898513952281097,"m_actual_1":0.0381340947197991,"m_actual_0":0.3347166603248484,"m_err_maxabs_final":0.29899047983190014,"_step":9999000,"n_solutions_est":2.201977178952943e-22,"_timestamp":1.77103537939489e+09,"chi_entropy":1.2079936733413403,"iters":10000000,"s":-2.7704129398374695,"chi_diff_max":1.6908063837917098e-09,"m_err_l2":0.42016260867317845,"estimated_n_solutions":2.2021609511498568e-22,"m_actual_2":0.03434819381052232,"total_time_sec":47835.85826587677}