{"iters":8184805,"elapsed_sec":2855.9323439598083,"sec_since_last_log":0.3316171169281006,"total_time_sec":2856.199771165848,"chi":[0.13216753374898763,0.10058289979939462,0.10058289979939462,0.10058289979235645,0.13216753374139867,0.10058289979235645,0.10058289979235645,0.10058289979235645,0.13216753374139867],"total_m_actual":1.0000000000000002,"mu_0":0,"m_actual_1":0.33333333332533516,"chi_min":0.10058289979235645,"m_err_maxabs":1.5996481916857874e-11,"converged":true,"_step":8184000,"m_err_l2":1.959154120121813e-11,"m_actual_0":0.3333333333493298,"_wandb":{"runtime":2856},"_runtime":2856.322694763,"m_actual_2":0.33333333332533516,"chi_diff_mean_abs":6.1679056923619804e-18,"s":0.74615960922468,"m_err_maxabs_final":1.6000867297805144e-11,"phi_RS":0.74615960922468,"m_err_l2_final":1.9597025485574255e-11,"iter":8184000,"Z_node":0.00011607625743958958,"mu_1":0,"_timestamp":1.7720140785045526e+09,"chi_diff_l2":2.7755575615628914e-17,"mu_2":0,"chi_max":0.13216753374898763,"chi_diff_max":1.3877787807814457e-17,"chi_entropy":2.18849289501636,"Z_edge":0.11310628931452428,"estimated_n_solutions":Infinity}