{"Z_node":8.801788569896122e-287,"m_actual_1":0.3333333333333333,"converged":true,"m_err_l2_final":0,"m_err_maxabs_final":0,"estimated_n_solutions":5.733388542100607e+217,"m_actual_0":0.3333333333333333,"total_m_actual":1,"_runtime":91.792339411,"mu_0":0,"chi_min":0.1111111111111111,"_step":0,"n_solutions_est":5.733388542100607e+217,"phi_RS":0.5004064589862764,"_wandb":{"runtime":91},"mu_1":0,"m_actual_2":0.3333333333333333,"total_time_sec":74.19821286201477,"sec_since_last_log":55.025774240493774,"chi_entropy":2.1972245773362196,"iter":0,"chi_diff_l2":0,"_timestamp":1.771859226982626e+09,"Z_edge":0.1111111111111111,"iters":0,"chi":[0.1111111111111111,0.1111111111111111,0.1111111111111111,0.1111111111111111,0.1111111111111111,0.1111111111111111,0.1111111111111111,0.1111111111111111,0.1111111111111111],"chi_diff_max":0,"elapsed_sec":55.02577352523804,"mu_2":0,"chi_max":0.1111111111111111,"chi_diff_mean_abs":0,"m_err_maxabs":0,"s":0.5004064589862764,"m_err_l2":0}