{"mu_1":-1.0000039039184092,"total_m_actual":0.9999999999671858,"estimated_n_solutions":37774.58114731249,"chi_diff_mean_abs":1.1292498417840117e-10,"_timestamp":1.7709114625673141e+09,"sec_since_last_log":2.3722598552703857,"mu_2":-1.0005097722897147,"Z_edge":0.09724252682957087,"m_err_maxabs_final":1.2582079822465175e-10,"m_actual_0":0.33333333321374703,"chi_min":0.11082695782680586,"_runtime":6599.192127196,"converged":false,"elapsed_sec":6596.745575666428,"iters":3000000,"chi_diff_l2":3.6095042675076976e-10,"total_time_sec":6599.115762233734,"m_err_maxabs":1.1958628531871796e-10,"_step":2999000,"s":0.5855217610548413,"_wandb":{"runtime":6599},"m_err_l2_final":1.6701589596116777e-10,"iter":2999000,"n_solutions_est":37776.37568828058,"Z_node":1.251714239640855e-07,"chi_entropy":2.1972191932918674,"chi_max":0.11168487635765079,"m_err_l2":1.574444823456145e-10,"chi_diff_max":1.9072100843064987e-10,"m_actual_1":0.33333333331874015,"phi_RS":1.585521935393185,"mu_0":-0.9994868469050111,"m_actual_2":0.3333333334346986}