{"phi_RS":0.74615960922468,"chi":[0.13216753374898763,0.10058289979939462,0.10058289979939462,0.10058289979235645,0.13216753374139867,0.10058289979235645,0.10058289979235645,0.10058289979235645,0.13216753374139867],"mu_0":0,"iter":8184000,"chi_entropy":2.18849289501636,"m_actual_1":0.33333333332533516,"_wandb":{"runtime":2793},"m_err_l2_final":1.9597025485574255e-11,"_timestamp":1.7719497781097755e+09,"converged":true,"_runtime":2793.300966833,"sec_since_last_log":0.32326436042785645,"estimated_n_solutions":Infinity,"chi_min":0.10058289979235645,"_step":8184000,"Z_node":0.00011607625743958958,"mu_1":0,"total_m_actual":1.0000000000000002,"mu_2":0,"chi_max":0.13216753374898763,"m_actual_0":0.3333333333493298,"iters":8184805,"chi_diff_max":1.3877787807814457e-17,"m_actual_2":0.33333333332533516,"m_err_maxabs":1.5996481916857874e-11,"Z_edge":0.11310628931452428,"chi_diff_l2":2.7755575615628914e-17,"elapsed_sec":2792.9717931747437,"s":0.74615960922468,"m_err_l2":1.959154120121813e-11,"chi_diff_mean_abs":6.1679056923619804e-18,"total_time_sec":2793.2333586215973,"m_err_maxabs_final":1.6000867297805144e-11}