{"phi_RS":1.9428971747907653,"iters":750523,"m_err_maxabs":7.301966131434412e-05,"n_solutions_est":0,"_runtime":663.061315972,"chi_diff_max":3.665746266297287e-05,"chi_diff_l2":4.073344973644655e-05,"sec_since_last_log":0.8623404502868652,"m_err_l2_final":0.47140452079112877,"Z_edge":0.07393569501657259,"m_actual_1":0.33332495056218403,"_timestamp":1.770828042246916e+09,"mu_2":-0.46322337979715467,"m_err_l2":7.34994953914704e-05,"converged":true,"chi_min":0.0260957426536748,"total_time_sec":662.9803075790405,"elapsed_sec":662.4750738143921,"chi_diff_mean_abs":8.483455791932076e-06,"m_actual_2":0.3333335178115108,"m_err_maxabs_final":0.3333333333333333,"mu_1":-1.3165823287968732,"iter":750000,"s":-2.7326200919318513,"chi_max":0.23631574690173882,"_step":750000,"mu_0":-12.244096765638313,"estimated_n_solutions":1.5796926375443364e-18,"Z_node":0.00020854806316350218,"_wandb":{"runtime":663},"m_actual_0":0.33340635299464766,"chi_entropy":2.008183366636445,"total_m_actual":1.0000648213683425}