{"converged":true,"m_actual_2":2.1612977687608227e-17,"chi21":7.204325896052184e-18,"_runtime":2452.307309615,"chi11":2.1665742117213405e-16,"m_actual_1":2.1612977687608227e-17,"m_err_l2_final":0.816496580927726,"total_m_actual":1,"m_err_maxabs_final":0.6666666666666667,"estimated_n_solutions":1,"chi_diff_max":1.0006670324242882e-21,"_step":7154000,"chi02":0.3333333333316405,"m_err_l2":0.816496580927726,"iter":7154000,"_wandb":{"runtime":2452},"chi_diff_l2":1.416720771640739e-21,"chi20":7.204325896052184e-18,"sec_since_last_log":0.3666043281555176,"mu_0":0,"mu_2":0,"total_time_sec":2452.236418247223,"chi_entropy":1.0986122886681264,"chi01":0.3333333333316405,"chi00":0.33333333333671855,"elapsed_sec":2452.18683719635,"m_actual_0":1,"chi12":7.204325896052184e-18,"s":0,"chi_min":7.204325896052184e-18,"m_err_maxabs":0.6666666666666667,"iters":7154145,"chi_diff_mean_abs":2.371590445789579e-22,"phi_RS":0,"chi_max":0.33333333333671855,"chi10":7.204325896052184e-18,"_timestamp":1.7720159852132628e+09,"Z_node":5.080526342993453e-05,"mu_1":0,"chi22":2.1665742117213405e-16,"chi":[0.33333333333671855,0.3333333333316405,0.3333333333316405,7.204325896052184e-18,2.1665742117213405e-16,7.204325896052184e-18,7.204325896052184e-18,7.204325896052184e-18,2.1665742117213405e-16],"Z_edge":0.11111111111336792}