{"total_time_sec":2145.5363738536835,"mu_2":0,"Z_node":5.080526343780795e-05,"m_err_l2":0.816496580927726,"iter":6432000,"m_actual_2":1.192011969186112e-18,"total_m_actual":1,"m_actual_1":1.192011969186112e-18,"mu_1":0,"iters":6432470,"_step":6432000,"m_err_maxabs_final":0.6666666666666667,"phi_RS":0,"_wandb":{"runtime":2145},"sec_since_last_log":0.3287820816040039,"mu_0":0,"chi_diff_l2":1.4172882947129626e-21,"chi":[0.3333333333424583,0.33333333332877063,0.33333333332877063,3.9733732308908897e-19,2.1698300713738498e-16,3.9733732308908897e-19,3.9733732308908897e-19,3.9733732308908897e-19,2.1698300713738498e-16],"_runtime":2145.601329669,"chi_diff_max":1.002170803553854e-21,"chi_min":3.9733732308908897e-19,"s":0,"elapsed_sec":2145.3827164173126,"chi_max":0.3333333333424583,"chi_entropy":1.098612288668125,"m_err_l2_final":0.816496580927726,"m_actual_0":1,"converged":true,"m_err_maxabs":0.6666666666666667,"Z_edge":0.11111111111719442,"chi_diff_mean_abs":2.235202524007728e-22,"_timestamp":1.7719490272321057e+09,"estimated_n_solutions":1}