{"Z_edge":0.09078120071316667,"iters":1929096,"_step":1929000,"chi_diff_l2":2.1083056991169996e-10,"iter":1929000,"s":0.692083085192357,"mu_0":-0.9713174550226287,"converged":true,"_wandb":{"runtime":1560},"chi_diff_mean_abs":5.93960991501774e-11,"n_solutions_est":64429.65953090331,"m_err_maxabs":5.42952505178107e-09,"chi_max":0.1360148328044207,"elapsed_sec":1560.4651231765747,"mu_1":-0.9993551817701423,"phi_RS":1.6926784991999249,"_timestamp":1.770900356556452e+09,"m_err_l2_final":3.736154037498247e-08,"chi_diff_max":1.0003452233231513e-10,"sec_since_last_log":0.683225154876709,"m_actual_2":0.3333333293089042,"total_time_sec":1560.5315663814545,"estimated_n_solutions":64429.659871385615,"m_err_maxabs_final":2.9113707666894584e-08,"Z_node":0.00011119943577060892,"chi_min":0.0970320024547566,"m_actual_1":0.3333333316475578,"m_err_l2":6.965458431238595e-09,"_runtime":1560.607325005,"mu_2":-1.0311136069115518,"total_m_actual":0.9999999997193203,"chi_entropy":2.1871649817484298,"m_actual_0":0.33333333876285837}