{"total_m_actual":1,"elapsed_sec":2093.7379398345947,"mu_2":0,"iter":5452000,"m_err_l2":0.816496580927726,"_wandb":{"runtime":2094},"total_time_sec":2094.115622282028,"mu_1":0,"m_actual_0":1,"converged":true,"s":-1.7763568394002505e-15,"phi_RS":-1.7763568394002505e-15,"chi":[0.3333333333453006,0.3333333333273495,0.3333333333273495,7.261706451415211e-23,2.1750201567656657e-16,7.261706451415211e-23,7.261706451415211e-23,7.261706451415211e-23,2.1750201567656657e-16],"estimated_n_solutions":0.9999999999982201,"Z_edge":0.11111111111908928,"Z_node":5.080526344170683e-05,"chi_diff_mean_abs":2.2323746634358394e-22,"iters":5452987,"chi_diff_max":1.0045679277590198e-21,"chi_diff_l2":1.4206735877619998e-21,"_runtime":2094.226284561,"m_actual_1":2.1785119394866723e-22,"chi_max":0.3333333333453006,"mu_0":0,"_timestamp":1.7719489563949182e+09,"m_err_l2_final":0.816496580927726,"chi_entropy":1.098612288668125,"m_err_maxabs":0.6666666666666667,"sec_since_last_log":0.38507938385009766,"chi_min":7.261706451415211e-23,"_step":5452000,"m_actual_2":2.1785119394866723e-22,"m_err_maxabs_final":0.6666666666666667}