{"_runtime":20221.487066109,"chi_diff_l2":3.178703176477511e-09,"elapsed_sec":20219.310326576233,"m_err_maxabs_final":4.166085032508704e-09,"chi_min":0.10608025141352136,"phi_RS":-0.8821844237813075,"chi_max":0.12712972302275044,"Z_edge":0.09757344658014491,"m_actual_2":0.3333333302301502,"sec_since_last_log":2.069882392883301,"chi_entropy":2.1955493812449864,"m_actual_0":0.33333333749848887,"m_actual_1":0.33333333184136027,"Z_node":1.0885779080117931e-08,"_step":9999000,"mu_1":-1.0143239547959713,"converged":false,"total_m_actual":0.9999999995699993,"chi_diff_max":2.8550648234482168e-09,"estimated_n_solutions":1.862094197179599e-15,"iter":9999000,"s":-1.8842819237826387,"chi_diff_mean_abs":7.33233276564407e-10,"_wandb":{"runtime":20221},"n_solutions_est":1.865169903519226e-15,"mu_2":-1.0506064006670857,"m_err_l2_final":5.405305225585956e-09,"_timestamp":1.7710092469226193e+09,"total_time_sec":20221.373845100403,"iters":10000000,"m_err_maxabs":4.165155553792488e-09,"m_err_l2":5.404095641534897e-09,"mu_0":-0.9413621470988816}