{"Z_edge":0.11502600083073852,"m_err_maxabs_final":0.3333333333333333,"m_actual_2":0.49999999998647643,"iters":4027363,"_runtime":1391.356855102,"m_actual_0":0.5000000000135236,"total_time_sec":1391.2875468730927,"m_err_l2":0.408248290463863,"iter":4027000,"m_err_l2_final":0.408248290463863,"mu_0":0,"_wandb":{"runtime":1391},"chi_diff_max":2.7755575615628914e-17,"_step":4027000,"chi_entropy":1.7907089741925057,"total_m_actual":1,"estimated_n_solutions":1.9405099794573237e+266,"chi_max":0.17752677171774103,"Z_node":0.0001094809346244172,"sec_since_last_log":0.34331440925598145,"m_err_maxabs":0.3333333333333333,"_timestamp":1.77194229732121e+09,"chi":[0.17752677171774103,0.1612366141467109,0.1612366141467109,6.072285734149492e-19,1.0531864188778545e-19,5.566473440455643e-19,0.16123661413992932,0.16123661413992932,0.1775267717089786],"elapsed_sec":1391.1628427505493,"chi_diff_l2":5.551115123125841e-17,"mu_2":0,"n_solutions_est":1.9405099794573237e+266,"chi_diff_mean_abs":1.233581274051567e-17,"chi_min":1.0531864188778545e-19,"s":0.611926732086781,"m_actual_1":1.6314521139494105e-18,"mu_1":0,"converged":true,"phi_RS":0.611926732086781}