{"m_err_l2":3.442473347093944e-07,"m_err_maxabs_final":2.228901919143489e-07,"Z_edge":0.10740194959428401,"chi_diff_max":1.1049308346056108e-07,"Z_node":6.486672329208381e-07,"m_actual_0":0.3333334796423339,"chi_diff_l2":1.433303675373125e-07,"m_actual_1":0.3333331151576808,"iter":2999000,"n_solutions_est":1.7153104687435904e+09,"chi_min":0.07969811428643422,"m_actual_2":0.33333311084897776,"mu_0":-0.5548359822107166,"mu_1":-1.55881758525414,"phi_RS":2.485481093270719,"sec_since_last_log":1.456740140914917,"_step":2999000,"chi_diff_mean_abs":4.0861961928293255e-08,"_timestamp":1.7709852141354082e+09,"chi_max":0.21917878041960007,"_runtime":4609.296993342,"m_err_l2_final":3.448206316768544e-07,"converged":false,"iters":3000000,"mu_2":-1.798064165745917,"total_m_actual":0.9999997056489925,"total_time_sec":4609.220167160034,"_wandb":{"runtime":4609},"s":1.1815758411601542,"m_err_maxabs":2.224843555498346e-07,"estimated_n_solutions":1.724779651281189e+09,"elapsed_sec":4607.772667169571,"chi_entropy":2.1284949368878325}