{"chi01":0.3333333333333332,"sec_since_last_log":1.8521533012390137,"_runtime":14977.769749767,"total_m_actual":1,"chi12":7.5532225761892e-18,"chi_diff_max":1.00069424661009e-21,"chi22":2.1666331341629505e-16,"_timestamp":1.7724907314397295e+09,"phi_RS":-3.792554089027731e-30,"chi02":0.3333333333333332,"total_time_sec":14977.707726240158,"elapsed_sec":14977.427516698837,"chi_entropy":1.0986122886681264,"chi00":0.3333333333333332,"iters":8156151,"_step":8156000,"Z_node":5.0805263425290674e-05,"chi21":7.5532225761892e-18,"mu_2":0,"chi20":7.5532225761892e-18,"s":-3.792554089027731e-30,"m_actual_0":1,"m_actual_1":2.2659667728568028e-17,"m_err_maxabs_final":0.6666666666666666,"_wandb":{"runtime":14977},"converged":true,"chi11":2.1666331341629505e-16,"mu_1":0,"m_err_l2_final":0.8164965809277259,"chi":[0.3333333333333332,0.3333333333333332,0.3333333333333332,7.5532225761892e-18,2.1666331341629505e-16,7.5532225761892e-18,7.5532225761892e-18,7.5532225761892e-18,2.1666331341629505e-16],"iter":8156000,"m_actual_2":2.2659667728568028e-17,"Z_edge":0.11111111111111102,"mu_0":0,"chi10":7.5532225761892e-18}