{"elapsed_sec":2681.8081018924713,"mu_1":0,"chi_diff_l2":5.551115123125783e-17,"total_m_actual":1,"Z_edge":0.11310628931450822,"chi_diff_max":2.7755575615628914e-17,"sec_since_last_log":0.33637547492980957,"iters":7640687,"_runtime":2682.12369225,"chi_max":0.1321675337460955,"Z_node":0.00011607625743951538,"s":0.74615960922468,"converged":true,"phi_RS":0.74615960922468,"chi_min":0.10058289979237083,"chi":[0.13216753374143533,0.10058289979237083,0.10058289979237083,0.10058289979662383,0.1321675337460955,0.10058289979662383,0.10058289979523993,0.10058289979523993,0.13216753374399995],"iter":7640000,"m_err_maxabs":7.739420215813198e-12,"chi_diff_mean_abs":1.5419764230904953e-17,"_wandb":{"runtime":2682},"total_time_sec":2682.0401690006256,"_timestamp":1.771943780151326e+09,"m_err_maxabs_final":7.739364704661966e-12,"m_actual_1":0.33333333334026705,"m_err_l2_final":1.0426308101374496e-11,"m_actual_2":0.333333333334139,"mu_0":0,"chi_entropy":2.188492895016429,"m_actual_0":0.3333333333255939,"mu_2":0,"_step":7640000,"estimated_n_solutions":Infinity,"m_err_l2":1.042230255106001e-11}