{"sec_since_last_log":0.33927321434020996,"chi_min":8.032651449822633e-18,"elapsed_sec":2648.405411720276,"m_err_maxabs":0.6666666666666667,"chi_entropy":1.0986122886681264,"_runtime":2648.727543921,"chi_diff_mean_abs":2.394863041322504e-22,"total_time_sec":2648.6594581604004,"m_err_l2_final":0.816496580927726,"_step":7500000,"s":0,"m_err_l2":0.816496580927726,"_wandb":{"runtime":2648},"phi_RS":0,"chi_max":0.3333333333333332,"converged":true,"mu_2":0,"m_actual_1":2.4097954349468336e-17,"mu_0":0,"iter":7500000,"chi":[0.3333333333333332,0.3333333333333332,0.3333333333333332,8.032651449822633e-18,2.1726823884329806e-16,8.032651449822633e-18,8.032651449822633e-18,8.032651449822633e-18,2.1726823884329806e-16],"m_actual_2":2.4097954349468336e-17,"_timestamp":1.7719496284238124e+09,"m_actual_0":1,"chi_diff_max":1.0034881917006346e-21,"chi_diff_l2":1.4210850671287745e-21,"iters":7500754,"Z_edge":0.11111111111111102,"Z_node":5.08052634252907e-05,"estimated_n_solutions":1,"total_m_actual":1,"m_err_maxabs_final":0.6666666666666667,"mu_1":0}