{"chi_diff_mean_abs":1.3877787807814457e-17,"chi_max":0.11111111111111112,"m_actual_2":0.33333331148981243,"Z_node":3.4106596397073623e-43,"estimated_n_solutions":2.1020168339466872e+48,"iter":0,"chi_diff_max":1.3877787807814457e-17,"converged":true,"_step":0,"Z_edge":0.10866920821201756,"mu_0":-0.9999999343750627,"mu_1":-0.9999999346571417,"iters":0,"m_actual_0":0.33333331145881856,"_wandb":{"runtime":0},"mu_2":-0.999999934469089,"m_actual_1":0.3333333115518001,"phi_RS":2.0908526312035605,"sec_since_last_log":0.1356067657470703,"n_solutions_est":2.1020168339466872e+48,"m_err_l2":3.781625296453873e-08,"total_time_sec":0.1801750659942627,"_runtime":0.297316573,"m_err_maxabs_final":2.1874514755104713e-08,"chi_entropy":2.197224577336219,"m_err_l2_final":3.781625296453873e-08,"m_err_maxabs":2.1874514755104713e-08,"chi_min":0.11111111111111112,"s":1.090852762202694,"elapsed_sec":0.1356065273284912,"_timestamp":1.7713201033054945e+09,"chi_diff_l2":4.163336342344337e-17,"total_m_actual":0.9999999345004311}