{"mu_2":0,"Z_edge":0.1131062893145353,"iters":7825432,"mu_0":0,"m_actual_0":0.3333333333011864,"mu_1":0,"chi_max":0.13216753374905427,"phi_RS":0.7461596092246818,"_runtime":2741.055444636,"elapsed_sec":2740.8362476825714,"chi_entropy":2.1884928950163127,"chi_min":0.10058289978516173,"total_m_actual":1,"Z_node":0.00011607625743964044,"m_err_l2_final":3.935014911784451e-11,"converged":true,"total_time_sec":2740.9866540431976,"sec_since_last_log":0.34919118881225586,"m_err_maxabs":3.2146896256080026e-11,"m_err_l2":3.9371768983137124e-11,"_timestamp":1.7720140743401077e+09,"m_actual_2":0.3333333333494068,"m_err_maxabs_final":3.2129243709988486e-11,"estimated_n_solutions":Infinity,"chi":[0.13216753373385032,0.10058289978516173,0.10058289978516173,0.10058289979942944,0.13216753374905427,0.10058289979942944,0.10058289979942944,0.10058289979942944,0.13216753374905427],"chi_diff_max":5.551115123125783e-17,"_step":7825000,"chi_diff_l2":7.601177430610147e-17,"iter":7825000,"chi_diff_mean_abs":2.1587669923266933e-17,"m_actual_1":0.3333333333494068,"s":0.7461596092246818,"_wandb":{"runtime":2741}}