{"chi_diff_mean_abs":6.523178293823169e-11,"m_err_maxabs":2.604198229283483e-08,"estimated_n_solutions":3852.992731605663,"m_err_l2_final":1.3389938856190316e-08,"chi_max":0.14483163498757587,"mu_2":-1.0588370886232519,"s":0.5504403638799791,"_step":661000,"m_actual_2":0.3333333593753156,"_runtime":492.964847127,"m_err_maxabs_final":9.609227247242558e-09,"iter":661000,"total_time_sec":492.89378237724304,"sec_since_last_log":0.5901892185211182,"chi_min":0.09145341162092163,"total_m_actual":1.0000000014248531,"Z_node":0.00030364449650552517,"chi_diff_l2":2.150821677027768e-10,"phi_RS":1.5524374306323452,"chi_diff_max":1.0136473604926977e-10,"chi_entropy":2.1799181859917622,"converged":true,"_timestamp":1.7708272791201255e+09,"m_err_l2":3.685186385716827e-08,"Z_edge":0.08954422893511302,"m_actual_0":0.33333333475199545,"n_solutions_est":3852.9947180770782,"iters":661437,"m_actual_1":0.33333330729754207,"mu_0":-0.9492112903258267,"elapsed_sec":492.6401345729828,"mu_1":-0.9979428124922314,"_wandb":{"runtime":492}}