{"s":0.7461596092246818,"mu_0":0,"m_actual_2":0.3333333333333333,"_timestamp":1.7719407889724798e+09,"m_err_l2_final":9.614813431917819e-17,"m_actual_1":0.3333333333333333,"chi_min":0.100582899795463,"phi_RS":0.7461596092246818,"chi_diff_mean_abs":9.25185853854297e-18,"chi":[0.1321675337424073,0.100582899795463,0.100582899795463,0.100582899795463,0.1321675337424073,0.100582899795463,0.100582899795463,0.100582899795463,0.1321675337424073],"total_m_actual":1,"iters":1557661,"n_solutions_est":Infinity,"m_actual_0":0.3333333333333333,"chi_max":0.1321675337424073,"_runtime":558.311798207,"total_time_sec":558.2129065990448,"iter":1557000,"chi_diff_max":1.3877787807814457e-17,"_step":1557000,"Z_edge":0.11310628931423602,"m_err_l2":0,"Z_node":0.00011607625743825838,"sec_since_last_log":0.3668966293334961,"mu_1":0,"converged":true,"m_err_maxabs":0,"elapsed_sec":557.9748978614807,"_wandb":{"runtime":558},"m_err_maxabs_final":5.551115123125783e-17,"mu_2":0,"chi_entropy":2.1884928950176055,"estimated_n_solutions":Infinity,"chi_diff_l2":3.3993498887762956e-17}