{"phi_RS":-Infinity,"Z_node":0,"sec_since_last_log":0.13102221488952637,"_wandb":{"runtime":0},"_step":0,"mu_1":-0.9999999346571417,"chi_max":1,"iter":0,"chi_diff_max":0.8888888888888888,"Z_edge":0.9780228739108825,"m_err_l2":0.8164965273451901,"chi_entropy":0,"s":-Infinity,"_runtime":0.393468491,"m_err_maxabs":0.6666666010417295,"m_actual_0":0.9999999343750627,"elapsed_sec":0.13102197647094727,"mu_0":-0.9999999343750627,"chi_min":0,"total_m_actual":0.9999999343750627,"mu_2":-0.999999934469089,"m_actual_1":0,"chi_diff_l2":0.9428090415820631,"_timestamp":1.771320377561894e+09,"m_actual_2":0,"chi_diff_mean_abs":0.19753086419753088,"estimated_n_solutions":0}