{"chi_diff_mean_abs":6.1679056923619804e-18,"_timestamp":1.7720140530154862e+09,"m_actual_1":0.33333333333271137,"m_actual_0":0.33333333332626686,"_step":7963000,"_wandb":{"runtime":2767},"estimated_n_solutions":Infinity,"chi":[0.13216753374210483,0.10058289979196881,0.10058289979196881,0.10058289979463658,0.13216753374384727,0.10058289979463658,0.10058289979720575,0.10058289979720575,0.13216753374642562],"m_err_maxabs_final":7.688405467831672e-12,"m_err_l2":1.0461115617442126e-11,"m_actual_2":0.33333333334102183,"elapsed_sec":2767.543538093567,"iter":7963000,"m_err_l2_final":1.0458983023985598e-11,"Z_node":0.00011607625743976249,"mu_0":0,"total_time_sec":2767.6313738822937,"chi_entropy":2.1884928950161977,"chi_diff_l2":2.7755575615628914e-17,"Z_edge":0.11310628931456172,"iters":7963271,"m_err_maxabs":7.688516490134134e-12,"chi_max":0.13216753374642562,"sec_since_last_log":0.32206201553344727,"mu_2":0,"total_m_actual":1,"s":0.7461596092246818,"phi_RS":0.7461596092246818,"converged":true,"chi_min":0.10058289979196881,"_runtime":2767.739572496,"chi_diff_max":1.3877787807814457e-17,"mu_1":0}