{"m_actual_2":0.33333333333325676,"m_err_l2_final":1.8607837871846725e-13,"mu_1":0,"_step":9999000,"m_actual_0":0.33333333333348647,"converged":false,"_wandb":{"runtime":14724},"s":0.7461596092246813,"chi10":0.10058289979466849,"mu_2":0,"Z_node":0.00011607625743960374,"chi_diff_max":4.360862242312168e-19,"m_err_maxabs_final":1.5193236000820306e-13,"mu_0":0,"phi_RS":0.7461596092246813,"iter":9999000,"_timestamp":1.7724902766072776e+09,"total_m_actual":1,"chi20":0.10058289979466849,"_runtime":14724.895145836,"chi21":0.10058289979466849,"sec_since_last_log":1.407041311264038,"chi12":0.10058289979466849,"Z_edge":0.11310628931452735,"elapsed_sec":14723.432022809982,"total_time_sec":14724.831849098206,"iters":10000000,"chi":[0.13216753374399026,0.10058289979474631,0.10058289979474631,0.10058289979466849,0.13216753374392157,0.10058289979466849,0.10058289979466849,0.10058289979466849,0.13216753374392157],"m_actual_1":0.33333333333325676,"chi11":0.13216753374392157,"chi22":0.13216753374392157,"chi00":0.13216753374399026,"chi_entropy":2.1884928950163465,"chi01":0.10058289979474631,"chi02":0.10058289979474631}